person,num_credits,potential_percent,def_percent,snl_percent,current,year_start,year_end,num_seasons_total,num_seasons_writer,num_seasons_headwriter,num_seasons_actor,num_seasons_rep,num_seasons_featured,num_seasons_middle,num_seasons_weekend_update,num_episodes_weekend_updates,best_of,num_episodes_hosted,imdb_link,num_episodes_writer,num_episodes_actor,num_episodes_other,coefficient
Seth Meyers,237,0.8565400843881856,0.28270042194092826,0.1308016877637131,False,2001.0,2014.0,13.0,9.0,9.0,13.0,11.0,2.0,0.0,8.0,154.0,0.0,1.0,https://www.imdb.com/name/nm1024878/?ref_=fn_nm_nm_1,189.0,253.0,2.0,0.286901233859706
Colin Jost,82,0.926829268292683,0.23170731707317074,0.13414634146341464,True,2005.0,2022.0,18.0,18.0,8.0,9.0,7.0,2.0,0.0,9.0,151.0,0.0,0.0,https://www.imdb.com/name/nm1906042/?ref_=fn_nm_nm_1,340.0,181.0,3.0,0.2189128402714662
Michael Che,82,0.9024390243902439,0.17073170731707318,0.0975609756097561,True,2013.0,2022.0,10.0,10.0,6.0,9.0,7.0,2.0,0.0,9.0,143.0,0.0,0.0,https://www.imdb.com/name/nm3846408/?ref_=fn_nm_nm_1,189.0,164.0,1.0,0.2475879145207522
Tina Fey,319,0.8871473354231975,0.2884012539184953,0.15673981191222572,False,1997.0,2006.0,9.0,9.0,7.0,6.0,5.0,1.0,0.0,6.0,117.0,0.0,6.0,https://www.imdb.com/name/nm0275486/?ref_=fn_nm_nm_1,175.0,142.0,17.0,0.2443438486376195
Dennis Miller,187,0.7165775401069518,0.1443850267379679,0.026737967914438502,False,1985.0,1991.0,6.0,0.0,0.0,6.0,6.0,0.0,0.0,6.0,111.0,0.0,0.0,https://www.imdb.com/name/nm0588222/?ref_=fn_nm_nm_1,0.0,111.0,0.0,0.1286009414835356
Jimmy Fallon,398,0.7437185929648241,0.19597989949748743,0.0829145728643216,False,1998.0,2004.0,6.0,0.0,0.0,6.0,5.0,1.0,0.0,4.0,80.0,1.0,3.0,https://www.imdb.com/name/nm0266422/?ref_=fn_nm_nm_0,0.0,126.0,11.0,0.1248650889826229
Amy Poehler,349,0.8538681948424068,0.24068767908309455,0.12320916905444126,False,2001.0,2008.0,8.0,0.0,0.0,8.0,8.0,0.0,0.0,5.0,80.0,1.0,2.0,https://www.imdb.com/name/nm0688132/?ref_=fn_nm_nm_0,0.0,146.0,7.0,0.1302357204446412
Jane Curtin,158,0.7341772151898734,0.25949367088607594,0.05063291139240506,False,1975.0,1980.0,5.0,0.0,0.0,5.0,5.0,0.0,0.0,4.0,78.0,0.0,0.0,https://www.imdb.com/name/nm0004852/?ref_=fn_nm_nm_1,0.0,104.0,3.0,0.1213158630654144
Norm MacDonald,166,0.8132530120481928,0.22289156626506024,0.060240963855421686,False,1993.0,1998.0,5.0,1.0,0.0,5.0,4.0,1.0,0.0,4.0,69.0,0.0,1.0,https://www.imdb.com/name/nm0005172/?ref_=fn_nm_nm_0,20.0,94.0,3.0,0.1199872759898394
Kevin Nealon,322,0.7546583850931677,0.15838509316770186,0.037267080745341616,False,1986.0,1995.0,9.0,1.0,0.0,9.0,8.0,1.0,0.0,3.0,60.0,0.0,0.0,https://www.imdb.com/name/nm0005265/?ref_=fn_nm_nm_0,20.0,170.0,6.0,0.1328633813137786
Colin Quinn,158,0.7721518987341772,0.14556962025316456,0.056962025316455694,False,1995.0,2000.0,5.0,2.0,0.0,5.0,3.0,2.0,0.0,3.0,50.0,0.0,0.0,https://www.imdb.com/name/nm0703800/?ref_=fn_nm_nm_0,40.0,86.0,4.0,0.117295052550628
Bill Murray,339,0.6135693215339233,0.15339233038348082,0.058997050147492625,False,1976.0,1980.0,4.0,1.0,0.0,4.0,4.0,0.0,0.0,0.0,40.0,0.0,5.0,https://www.imdb.com/name/nm0000195/?ref_=fn_nm_nm_0,12.0,75.0,6.0,0.1118840157535363
Chevy Chase,328,0.6920731707317073,0.15853658536585366,0.057926829268292686,False,1975.0,1977.0,2.0,2.0,0.0,2.0,2.0,0.0,0.0,2.0,32.0,1.0,8.0,https://www.imdb.com/name/nm0000331/?ref_=fn_nm_nm_0,33.0,36.0,18.0,0.1063883386544242
Brad Hall,36,0.7222222222222222,0.08333333333333333,0,False,1982.0,1984.0,2.0,0.0,0.0,2.0,2.0,0.0,0.0,2.0,28.0,0.0,0.0,https://www.imdb.com/name/nm0355357/?ref_=fn_nm_nm_1,0.0,40.0,1.0,0.1017935960476334
Cecily Strong,78,0.8974358974358975,0.32051282051282054,0.14102564102564102,True,2012.0,2023.0,11.0,0.0,0.0,11.0,10.0,1.0,0.0,1.0,21.0,0.0,0.0,https://www.imdb.com/name/nm5198446/?ref_=fn_nm_nm_1,0.0,202.0,4.0,0.1302508680757848
Dan Aykroyd,407,0.7125307125307125,0.16461916461916462,0.05896805896805897,False,1975.0,1979.0,4.0,3.0,0.0,4.0,4.0,0.0,0.0,1.0,20.0,1.0,1.0,https://www.imdb.com/name/nm0000101/?ref_=fn_nm_nm_0,63.0,97.0,2.0,0.1174042786231968
Brian Doyle-Murray,186,0.6344086021505376,0.06451612903225806,0.021505376344086023,False,1977.0,1982.0,5.0,5.0,0.0,2.0,2.0,0.0,0.0,1.0,20.0,0.0,0.0,https://www.imdb.com/name/nm0236519/?ref_=fn_nm_nm_1,79.0,52.0,1.0,0.0607003099438372
Charles Rocket,92,0.4673913043478261,0.043478260869565216,0,False,1980.0,1981.0,1.0,0.0,0.0,1.0,1.0,0.0,0.0,1.0,12.0,0.0,0.0,https://www.imdb.com/name/nm0734236/?ref_=fn_nm_nm_1,0.0,12.0,0.0,0.0945468527883293
Christopher Guest,171,0.8713450292397661,0.0935672514619883,0.011695906432748537,False,1984.0,1985.0,1.0,1.0,0.0,1.0,1.0,0.0,0.0,1.0,10.0,0.0,0.0,https://www.imdb.com/name/nm0001302/?ref_=fn_nm_nm_0,18.0,19.0,6.0,0.09743294260213
Mary Gross,87,0.6781609195402298,0.08045977011494253,0,False,1981.0,1985.0,4.0,1.0,0.0,4.0,4.0,0.0,0.0,1.0,7.0,0.0,0.0,https://www.imdb.com/name/nm0343444/?ref_=fn_nm_nm_0,19.0,73.0,4.0,0.1069990212299876
Christine Ebersole,131,0.549618320610687,0.030534351145038167,0.007633587786259542,False,1981.0,1982.0,1.0,0.0,0.0,1.0,1.0,0.0,0.0,1.0,6.0,0.0,0.0,https://www.imdb.com/name/nm0002056/?ref_=fn_nm_nm_0,0.0,18.0,2.0,0.0943716063480226
Gail Matthius,51,0.49019607843137253,0.058823529411764705,0,False,1980.0,1981.0,1.0,0.0,0.0,1.0,1.0,0.0,0.0,1.0,6.0,0.0,0.0,https://www.imdb.com/name/nm0560257/?ref_=fn_nm_nm_0,0.0,13.0,0.0,0.0936870499405746
Billy Crystal,427,0.6885245901639344,0.0585480093676815,0.02576112412177986,False,1984.0,1985.0,1.0,1.0,0.0,1.0,1.0,0.0,0.0,2.0,3.0,0.0,3.0,https://www.imdb.com/name/nm0000345/?ref_=fn_nm_nm_1,17.0,19.0,4.0,0.0961076413973107
Horatio Sanz,182,0.7967032967032966,0.22527472527472528,0.027472527472527472,False,1998.0,2006.0,8.0,0.0,0.0,8.0,7.0,1.0,0.0,1.0,2.0,0.0,0.0,https://www.imdb.com/name/nm0764445/?ref_=fn_nm_nm_0,0.0,159.0,2.0,0.1182963721423411
Joe Piscopo,143,0.5314685314685315,0.11188811188811189,0.006993006993006993,False,1980.0,1984.0,4.0,2.0,0.0,4.0,4.0,0.0,0.0,1.0,1.0,0.0,0.0,https://www.imdb.com/name/nm0685472/?ref_=fn_nm_nm_1,38.0,68.0,5.0,0.1077000069912143
Garrett Morris,183,0.5956284153005464,0.18032786885245902,0.01092896174863388,False,1975.0,1980.0,5.0,0.0,0.0,5.0,5.0,0.0,0.0,0.0,0.0,0.0,0.0,https://www.imdb.com/name/nm0606541/?ref_=fn_nm_nm_0,1.0,99.0,11.0,0.1082107152012304
Fred Wolf,37,0.8918918918918919,0.2972972972972973,0.1891891891891892,False,1991.0,1996.0,5.0,4.0,1.0,2.0,0.0,2.0,0.0,0.0,0.0,0.0,0.0,https://www.imdb.com/name/nm0937748/?ref_=fn_nm_nm_0,96.0,19.0,5.0,0.0834155344783388
James Downey (I),46,0.9347826086956522,0.717391304347826,0.10869565217391304,False,1976.0,2014.0,29.0,29.0,9.0,1.0,0.0,1.0,0.0,0.0,0.0,0.0,0.0,https://www.imdb.com/name/nm0235999/?ref_=fn_al_nm_0,559.0,89.0,244.0,0.1655747863058985
Tom Davis (I),50,0.88,0.64,0.16,False,1975.0,2003.0,15.0,15.0,0.0,3.0,0.0,3.0,0.0,0.0,0.0,0.0,0.0,https://www.imdb.com/name/nm0205569/?ref_=fn_nm_nm_1,279.0,156.0,158.0,0.0905478082542937
Al Franken,192,0.765625,0.19270833333333334,0.0625,False,1977.0,1995.0,15.0,15.0,0.0,11.0,0.0,11.0,0.0,0.0,0.0,0.0,0.0,https://www.imdb.com/name/nm0291253/?ref_=fn_nm_nm_0,301.0,118.0,201.0,0.1349227626171999
Tom Schiller,36,0.75,0.4166666666666667,0.05555555555555555,False,1975.0,1990.0,7.0,7.0,0.0,1.0,0.0,1.0,0.0,0.0,0.0,0.0,0.0,https://www.imdb.com/name/nm0771680/?ref_=fn_nm_nm_0,145.0,71.0,25.0,0.046687146485916
A. Whitney Brown,32,0.84375,0.40625,0.0625,False,1985.0,1991.0,6.0,6.0,0.0,6.0,0.0,6.0,0.0,0.0,0.0,0.0,0.0,https://www.imdb.com/name/nm0112944/?ref_=fn_nm_nm_1,111.0,43.0,23.0,0.1108024748898883
Michael O'Donoghue,38,0.8947368421052632,0.6052631578947368,0.07894736842105263,False,1975.0,1982.0,6.0,6.0,5.0,1.0,1.0,0.0,0.0,0.0,0.0,0.0,0.0,https://www.imdb.com/name/nm0640874/?ref_=fn_nm_nm_1,94.0,35.0,12.0,0.1624454102677635
Mikey Day,33,0.9090909090909091,0.3939393939393939,0.15151515151515152,True,2013.0,2023.0,10.0,4.0,0.0,7.0,5.0,2.0,0.0,0.0,0.0,0.0,0.0,https://www.imdb.com/name/nm1510062/?ref_=fn_nm_nm_1,63.0,123.0,2.0,0.0957763044440819
Phil Hartman,176,0.75,0.2897727272727273,0.022727272727272728,False,1986.0,1994.0,8.0,3.0,0.0,8.0,8.0,0.0,0.0,0.0,0.0,1.0,2.0,https://www.imdb.com/name/nm0367005/?ref_=fn_nm_nm_0,0.0,152.0,15.0,0.118067045745846
Jim Belushi,276,0.5434782608695652,0.03985507246376811,0.007246376811594203,False,1983.0,1985.0,2.0,2.0,0.0,2.0,2.0,0.0,0.0,0.0,0.0,0.0,0.0,https://www.imdb.com/name/nm0000902/?ref_=fn_nm_nm_1,33.0,33.0,2.0,0.1003149542075458
Andrew Dismukes,5,0.8,0.2,0,True,2017.0,2023.0,5.0,3.0,0.0,3.0,0.0,3.0,0.0,0.0,0.0,0.0,0.0,https://www.imdb.com/name/nm8608160/?ref_=fn_nm_nm_0,64.0,40.0,3.0,0.069150474237375
Robin Duke,68,0.6176470588235294,0.11764705882352941,0.029411764705882353,False,1981.0,1984.0,4.0,2.0,0.0,4.0,4.0,0.0,0.0,0.0,0.0,0.0,0.0,https://www.imdb.com/name/nm0241208/?ref_=fn_nm_nm_1,39.0,59.0,2.0,0.1064404232015101
Leslie Jones,88,0.8409090909090909,0.13636363636363635,0.07954545454545454,False,2013.0,2019.0,6.0,2.0,0.0,5.0,3.0,2.0,0.0,0.0,0.0,0.0,0.0,https://www.imdb.com/name/nm0428656/?ref_=fn_nm_nm_1,32.0,105.0,0.0,0.0967973635353794
Peter Aykroyd,21,0.8095238095238095,0.14285714285714285,0.047619047619047616,False,1979.0,1980.0,1.0,1.0,0.0,1.0,0.0,1.0,0.0,0.0,0.0,0.0,0.0,https://www.imdb.com/name/nm0043839/?ref_=fn_nm_nm_1,20.0,16.0,0.0,0.0904888024049777
John Belushi,119,0.8823529411764706,0.35294117647058826,0.06722689075630252,False,1975.0,1979.0,4.0,1.0,0.0,4.0,4.0,0.0,0.0,0.0,0.0,1.0,0.0,https://www.imdb.com/name/nm0000004/?ref_=fn_nm_nm_1,23.0,83.0,6.0,0.1076452424786185
Rich Hall,138,0.42028985507246375,0.043478260869565216,0.014492753623188406,False,1984.0,1985.0,1.0,1.0,0.0,1.0,1.0,0.0,0.0,0.0,0.0,0.0,0.0,https://www.imdb.com/name/nm0356025/?ref_=fn_nm_nm_1,18.0,16.0,2.0,0.0953026030621519
Fred Armisen,334,0.7994011976047904,0.2125748502994012,0.11377245508982035,False,2002.0,2013.0,11.0,0.0,0.0,11.0,9.0,2.0,0.0,0.0,0.0,0.0,1.0,https://www.imdb.com/name/nm0035488/?ref_=fn_nm_nm_0,0.0,237.0,7.0,0.1308368483605602
Morwenna Banks,121,0.15702479338842976,0.01652892561983471,0,False,1995.0,1995.0,1.0,0.0,0.0,1.0,1.0,0.0,0.0,0.0,0.0,0.0,0.0,https://www.imdb.com/name/nm0052218/?ref_=fn_nm_nm_1,0.0,3.0,1.0,0.0914690871804432
Vanessa Bayer,93,0.9032258064516129,0.24731182795698925,0.08602150537634409,False,2010.0,2017.0,7.0,0.0,0.0,7.0,5.0,2.0,0.0,0.0,0.0,0.0,0.0,https://www.imdb.com/name/nm3364779/?ref_=fn_nm_nm_0,0.0,149.0,1.0,0.1148134178049584
Beck Bennett,78,0.8333333333333334,0.1794871794871795,0.05128205128205128,False,2013.0,2021.0,8.0,0.0,0.0,8.0,6.0,2.0,0.0,0.0,0.0,0.0,0.0,https://www.imdb.com/name/nm3080722/?ref_=fn_nm_nm_0,0.0,164.0,0.0,0.1179178124490224
Jim Breuer,111,0.6666666666666666,0.16216216216216217,0.02702702702702703,False,1995.0,1998.0,3.0,0.0,0.0,3.0,3.0,0.0,0.0,0.0,0.0,0.0,0.0,https://www.imdb.com/name/nm0108028/?ref_=fn_nm_nm_1,0.0,57.0,3.0,0.1004532637319102
Paul Brittain,18,0.8333333333333334,0.3333333333333333,0.16666666666666666,False,2010.0,2012.0,2.0,0.0,0.0,2.0,0.0,2.0,0.0,0.0,0.0,0.0,0.0,https://www.imdb.com/name/nm4204968/?ref_=fn_nm_nm_0,0.0,34.0,0.0,0.0914102444594626
Aidy Bryant,88,0.9431818181818182,0.3068181818181818,0.125,False,2012.0,2022.0,10.0,0.0,0.0,10.0,9.0,1.0,0.0,0.0,0.0,0.0,0.0,https://www.imdb.com/name/nm5262775/?ref_=fn_nm_nm_1,0.0,203.0,3.0,0.1257899955722309
Beth Cahill,17,0.8823529411764706,0.35294117647058826,0,False,1991.0,1992.0,1.0,0.0,0.0,1.0,0.0,1.0,0.0,0.0,0.0,0.0,0.0,https://www.imdb.com/name/nm0128639/?ref_=fn_nm_nm_1,0.0,13.0,0.0,0.0877012887138496
Dana Carvey,196,0.8928571428571429,0.3112244897959184,0.08163265306122448,False,1986.0,1993.0,7.0,0.0,0.0,7.0,7.0,0.0,0.0,0.0,0.0,1.0,4.0,https://www.imdb.com/name/nm0001022/?ref_=fn_nm_nm_0,0.0,130.0,8.0,0.1140404558271771
Ellen Cleghorne,70,0.7428571428571429,0.24285714285714285,0.04285714285714286,False,1991.0,1995.0,4.0,0.0,0.0,4.0,2.0,0.0,2.0,0.0,0.0,0.0,0.0,https://www.imdb.com/name/nm0165971/?ref_=fn_nm_nm_0,0.0,77.0,3.0,0.1015362610985528
George Coe,137,0.44525547445255476,0.014598540145985401,0,False,1975.0,1975.0,1.0,0.0,0.0,1.0,1.0,0.0,0.0,0.0,0.0,0.0,0.0,https://www.imdb.com/name/nm0168642/?ref_=fn_nm_nm_1,0.0,10.0,0.0,0.0923234135769383
Joan Cusack,134,0.5,0.05970149253731343,0.022388059701492536,False,1985.0,1986.0,1.0,0.0,0.0,1.0,1.0,0.0,0.0,0.0,0.0,0.0,0.0,https://www.imdb.com/name/nm0000349/?ref_=fn_nm_nm_1,0.0,17.0,1.0,0.0932325044860292
Pete Davidson,104,0.7403846153846154,0.1346153846153846,0.04807692307692308,False,2014.0,2022.0,8.0,0.0,0.0,8.0,6.0,2.0,0.0,0.0,0.0,0.0,0.0,https://www.imdb.com/name/nm0203457/?ref_=fn_nm_nm_1,0.0,160.0,4.0,0.1175235079583323
Denny Dillon,56,0.5,0.07142857142857142,0.017857142857142856,False,1980.0,1981.0,1.0,0.0,0.0,1.0,1.0,0.0,0.0,0.0,0.0,0.0,0.0,https://www.imdb.com/name/nm0226986/?ref_=fn_nm_nm_0,0.0,13.0,0.0,0.0927012887138496
Robert Downey Jr.,404,0.5024752475247525,0.022277227722772276,0.017326732673267328,False,1985.0,1986.0,1.0,0.0,0.0,1.0,1.0,0.0,0.0,0.0,0.0,0.0,1.0,https://www.imdb.com/name/nm0000375/?ref_=fn_nm_nm_1,0.0,16.0,3.0,0.0931613106196546
Rachel Dratch,226,0.7876106194690266,0.2168141592920354,0.06637168141592921,False,1999.0,2006.0,7.0,0.0,0.0,7.0,5.0,2.0,0.0,0.0,0.0,0.0,0.0,https://www.imdb.com/name/nm0237222/?ref_=fn_nm_nm_0,0.0,145.0,6.0,0.1144464955705663
Nora Dunn,167,0.6586826347305389,0.15568862275449102,0.03592814371257485,False,1985.0,1990.0,5.0,0.0,0.0,5.0,5.0,0.0,0.0,0.0,0.0,0.0,0.0,https://www.imdb.com/name/nm0004887/?ref_=fn_nm_nm_1,0.0,88.0,3.0,0.1064856330544615
Dean Edwards,67,0.6567164179104478,0.13432835820895522,0.014925373134328358,False,2001.0,2003.0,2.0,0.0,0.0,2.0,0.0,2.0,0.0,0.0,0.0,0.0,0.0,https://www.imdb.com/name/nm0249931/?ref_=fn_nm_nm_1,0.0,40.0,0.0,0.0921659947332851
Abby Elliott,73,0.8493150684931506,0.2465753424657534,0.0136986301369863,False,2008.0,2012.0,4.0,0.0,0.0,4.0,2.0,2.0,0.0,0.0,0.0,0.0,0.0,https://www.imdb.com/name/nm2212031/?ref_=fn_nm_nm_0,0.0,81.0,0.0,0.1019579478455407
Chris Elliott,106,0.7358490566037735,0.05660377358490566,0.03773584905660377,False,1994.0,1995.0,1.0,0.0,0.0,1.0,1.0,0.0,0.0,0.0,0.0,0.0,0.0,https://www.imdb.com/name/nm0254402/?ref_=fn_nm_nm_0,0.0,19.0,1.0,0.09348442124397
Siobhan Fallon Hogan,84,0.5119047619047619,0.09523809523809523,0.023809523809523808,False,1991.0,1992.0,1.0,0.0,0.0,1.0,0.0,0.0,1.0,0.0,0.0,0.0,0.0,https://www.imdb.com/name/nm0266441/?ref_=fn_nm_nm_0,0.0,20.0,0.0,0.0885829973666425
Chris Farley,94,0.9787234042553191,0.4574468085106383,0.10638297872340426,False,1990.0,1995.0,5.0,0.0,0.0,5.0,5.0,0.0,1.0,0.0,0.0,1.0,1.0,https://www.imdb.com/name/nm0000394/?ref_=fn_nm_nm_0,0.0,96.0,7.0,0.1246028291114166
Will Ferrell,545,0.7963302752293578,0.14678899082568808,0.04036697247706422,False,1995.0,2002.0,7.0,0.0,0.0,7.0,7.0,0.0,0.0,0.0,0.0,1.0,5.0,https://www.imdb.com/name/nm0002071/?ref_=fn_nm_nm_1,0.0,140.0,11.0,0.1153821863857752
Chloe Fineman,26,0.7692307692307693,0.07692307692307693,0,True,2019.0,2023.0,4.0,0.0,0.0,4.0,2.0,2.0,0.0,0.0,0.0,0.0,0.0,https://www.imdb.com/name/nm4806887/?ref_=fn_nm_nm_1,0.0,55.0,4.0,0.0987925590175013
Will Forte,228,0.8070175438596491,0.23684210526315788,0.11403508771929824,False,2002.0,2010.0,8.0,0.0,0.0,8.0,7.0,1.0,0.0,0.0,0.0,0.0,0.0,https://www.imdb.com/name/nm0287182/?ref_=fn_nm_nm_1,0.0,156.0,4.0,0.1176446744424506
Heidi Gardner,47,0.8085106382978723,0.1702127659574468,0.0851063829787234,True,2017.0,2023.0,6.0,0.0,0.0,6.0,4.0,2.0,0.0,0.0,0.0,0.0,0.0,https://www.imdb.com/name/nm5906920/?ref_=fn_nm_nm_1,0.0,99.0,2.0,0.1072409560874057
Janeane Garofalo,337,0.6379821958456974,0.020771513353115726,0.011869436201780416,False,1994.0,1995.0,1.0,0.0,0.0,1.0,1.0,0.0,0.0,0.0,0.0,0.0,0.0,https://www.imdb.com/name/nm0000413/?ref_=fn_nm_nm_1,0.0,14.0,0.0,0.09282724709282
Ana Gasteyer,196,0.8571428571428571,0.24489795918367346,0.05102040816326531,False,1996.0,2002.0,6.0,0.0,0.0,6.0,6.0,0.0,0.0,0.0,0.0,0.0,0.0,https://www.imdb.com/name/nm0309430/?ref_=fn_nm_nm_1,0.0,121.0,4.0,0.1117334716040176
Gilbert Gottfried,403,0.5905707196029777,0.03722084367245657,0.02481389578163772,False,1980.0,1981.0,1.0,0.0,0.0,1.0,1.0,0.0,0.0,0.0,0.0,0.0,0.0,https://www.imdb.com/name/nm0331906/?ref_=fn_nm_nm_1,0.0,13.0,0.0,0.0927012887138496
Bill Hader,275,0.84,0.1781818181818182,0.07636363636363637,False,2005.0,2013.0,8.0,0.0,0.0,8.0,7.0,1.0,0.0,0.0,0.0,0.0,2.0,https://www.imdb.com/name/nm0352778/?ref_=fn_nm_nm_1,4.0,161.0,6.0,0.118811158560742
Anthony Michael Hall,148,0.4797297297297297,0.033783783783783786,0.013513513513513514,False,1985.0,1986.0,1.0,0.0,0.0,1.0,1.0,0.0,0.0,0.0,0.0,0.0,0.0,https://www.imdb.com/name/nm0001309/?ref_=fn_nm_nm_1,0.0,12.0,6.0,0.0927396238726666
Darrell Hammond,146,0.8356164383561644,0.3835616438356164,0.0410958904109589,False,1995.0,2009.0,14.0,0.0,0.0,14.0,14.0,0.0,0.0,0.0,0.0,0.0,0.0,https://www.imdb.com/name/nm0358669/?ref_=fn_nm_nm_1,0.0,313.0,128.0,0.1478235184451539
Lauren Holt,3,0.6666666666666666,0.3333333333333333,0,False,2020.0,2021.0,1.0,0.0,0.0,1.0,0.0,1.0,0.0,0.0,0.0,0.0,0.0,https://www.imdb.com/name/nm7576527/?ref_=fn_nm_nm_1,0.0,20.0,0.0,0.0885829973666425
Jan Hooks,69,0.9565217391304348,0.6086956521739131,0.08695652173913043,False,1986.0,1991.0,5.0,0.0,0.0,5.0,5.0,0.0,0.0,0.0,0.0,0.0,0.0,https://www.imdb.com/name/nm0393660/?ref_=fn_nm_nm_0,0.0,100.0,4.0,0.1080245158584046
Yvonne Hudson,1,1.0,1.0,0,False,1980.0,1981.0,1.0,0.0,0.0,1.0,0.0,1.0,0.0,0.0,0.0,0.0,0.0,https://www.imdb.com/name/nm0399994/?ref_=fn_nm_nm_1,0.0,31.0,0.0,0.0899685395353172
Melanie Hutsell,46,0.717391304347826,0.2608695652173913,0.043478260869565216,False,1991.0,1994.0,3.0,0.0,0.0,3.0,1.0,2.0,0.0,0.0,0.0,0.0,0.0,https://www.imdb.com/name/nm0404525/?ref_=fn_nm_nm_0,0.0,53.0,2.0,0.0965887146263972
Victoria Jackson,157,0.5286624203821656,0.19745222929936307,0.025477707006369428,False,1986.0,1992.0,6.0,0.0,0.0,6.0,6.0,0.0,0.0,0.0,0.0,0.0,0.0,https://www.imdb.com/name/nm0414130/?ref_=fn_nm_nm_1,0.0,109.0,5.0,0.1102493533126704
Punkie Johnson,20,0.65,0.1,0,True,2020.0,2023.0,3.0,0.0,0.0,3.0,0.0,3.0,0.0,0.0,0.0,0.0,0.0,https://www.imdb.com/name/nm9790618/?ref_=fn_nm_nm_0,0.0,40.0,1.0,0.0932572067768171
Chris Kattan,186,0.6935483870967742,0.23118279569892472,0.03225806451612903,False,1996.0,2003.0,8.0,0.0,0.0,8.0,7.0,1.0,0.0,0.0,0.0,1.0,0.0,https://www.imdb.com/name/nm0441592/?ref_=fn_nm_nm_0,0.0,148.0,4.0,0.1166370074106872
Taran Killam,115,0.8434782608695652,0.20869565217391303,0.06086956521739131,False,2010.0,2016.0,6.0,0.0,0.0,6.0,4.0,2.0,0.0,0.0,0.0,0.0,0.0,https://www.imdb.com/name/nm0453115/?ref_=fn_nm_nm_1,0.0,128.0,0.0,0.1108389845649522
David Koechner,305,0.6688524590163935,0.04262295081967213,0.022950819672131147,False,1995.0,1996.0,1.0,0.0,0.0,1.0,1.0,0.0,0.0,0.0,0.0,0.0,0.0,https://www.imdb.com/name/nm0462712/?ref_=fn_nm_nm_0,0.0,21.0,0.0,0.093708955745613
Gary Kroeger,45,0.5111111111111111,0.08888888888888889,0,False,1982.0,1985.0,3.0,0.0,0.0,3.0,3.0,0.0,0.0,0.0,0.0,0.0,0.0,https://www.imdb.com/name/nm0471856/?ref_=fn_nm_nm_1,0.0,56.0,1.0,0.1002725408403439
Matthew Laurance,41,0.24390243902439024,0.024390243902439025,0,False,1980.0,1981.0,1.0,0.0,0.0,1.0,0.0,1.0,0.0,0.0,0.0,0.0,0.0,https://www.imdb.com/name/nm0491005/?ref_=fn_nm_nm_1,0.0,9.0,1.0,0.0872248374542658
Julia Louis-Dreyfus,245,0.8081632653061225,0.08571428571428572,0.05714285714285714,False,1982.0,1985.0,3.0,0.0,0.0,3.0,3.0,0.0,0.0,0.0,0.0,0.0,3.0,https://www.imdb.com/name/nm0000506/?ref_=fn_nm_nm_0,0.0,57.0,3.0,0.1004532637319102
Jon Lovitz,298,0.7013422818791947,0.13758389261744966,0.0436241610738255,False,1985.0,1990.0,5.0,0.0,0.0,5.0,5.0,0.0,0.0,0.0,0.0,1.0,1.0,https://www.imdb.com/name/nm0001484/?ref_=fn_nm_nm_0,0.0,91.0,10.0,0.1070551839854582
Michael McKean,358,0.664804469273743,0.027932960893854747,0.00558659217877095,False,1994.0,1995.0,2.0,0.0,0.0,2.0,2.0,0.0,0.0,0.0,0.0,0.0,1.0,https://www.imdb.com/name/nm0571106/?ref_=fn_nm_nm_0,0.0,27.0,3.0,0.0956106825755633
Mark McKinney,124,0.49193548387096775,0.16129032258064516,0.056451612903225805,False,1985.0,1997.0,4.0,1.0,0.0,3.0,3.0,0.0,0.0,0.0,0.0,0.0,0.0,https://www.imdb.com/name/nm0571897/?ref_=fn_nm_nm_1,0.0,70.0,2.0,0.0806271701894619
Kate McKinnon,135,0.8518518518518519,0.2518518518518518,0.1259259259259259,False,2012.0,2022.0,11.0,0.0,0.0,11.0,9.0,2.0,0.0,0.0,0.0,0.0,0.0,https://www.imdb.com/name/nm0571952/?ref_=fn_nm_nm_1,0.0,207.0,4.0,0.1269759502225536
Tim Meadows,216,0.8518518518518519,0.25925925925925924,0.07407407407407407,False,1991.0,2000.0,10.0,1.0,0.0,10.0,10.0,0.0,0.0,0.0,0.0,1.0,0.0,https://www.imdb.com/name/nm0005218/?ref_=fn_nm_nm_1,20.0,182.0,8.0,0.1261914194495584
Laurie Metcalf,163,0.6196319018404908,0.03680981595092025,0.03067484662576687,False,1981.0,1981.0,1.0,0.0,0.0,1.0,0.0,1.0,0.0,0.0,0.0,0.0,0.0,https://www.imdb.com/name/nm0582418/?ref_=fn_nm_nm_0,0.0,1.0,1.0,0.0862171704225023
John Milhiser,70,0.4857142857142857,0.07142857142857142,0.014285714285714285,False,2013.0,2014.0,1.0,0.0,0.0,1.0,0.0,1.0,0.0,0.0,0.0,0.0,0.0,https://www.imdb.com/name/nm2275887/?ref_=fn_nm_nm_1,0.0,21.0,1.0,0.0887363380019109
Jerry Minor,127,0.7716535433070866,0.07874015748031496,0.03937007874015748,False,2000.0,2001.0,1.0,1.0,0.0,1.0,0.0,1.0,0.0,0.0,0.0,0.0,0.0,https://www.imdb.com/name/nm0591576/?ref_=fn_nm_nm_0,20.0,20.0,0.0,0.0909926359208594
Finesse Mitchell,95,0.6631578947368421,0.09473684210526316,0.05263157894736842,False,2003.0,2006.0,3.0,0.0,0.0,3.0,1.0,2.0,0.0,0.0,0.0,0.0,0.0,https://www.imdb.com/name/nm1459509/?ref_=fn_nm_nm_0,0.0,59.0,0.0,0.097289700387624
Alex Moffat,30,0.7666666666666667,0.23333333333333334,0.03333333333333333,False,2016.0,2022.0,6.0,0.0,0.0,6.0,4.0,2.0,0.0,0.0,0.0,0.0,0.0,https://www.imdb.com/name/nm5803981/?ref_=fn_nm_nm_1,0.0,120.0,2.0,0.1098860820457846
Jay Mohr,197,0.5786802030456852,0.08121827411167512,0.015228426395939087,False,1993.0,1995.0,2.0,1.0,0.0,2.0,0.0,2.0,0.0,0.0,0.0,0.0,0.0,https://www.imdb.com/name/nm0001542/?ref_=fn_nm_nm_0,20.0,39.0,0.0,0.0944496749085316
Kyle Mooney,67,0.7761194029850746,0.208955223880597,0.029850746268656716,False,2013.0,2022.0,9.0,0.0,0.0,9.0,7.0,2.0,0.0,0.0,0.0,0.0,0.0,https://www.imdb.com/name/nm3324982/?ref_=fn_nm_nm_1,0.0,182.0,3.0,0.1214699287155067
Tracy Morgan,280,0.7642857142857142,0.18571428571428572,0.07857142857142857,False,1996.0,2003.0,7.0,0.0,0.0,7.0,7.0,0.0,0.0,0.0,0.0,1.0,2.0,https://www.imdb.com/name/nm0605079/?ref_=fn_nm_nm_1,0.0,142.0,13.0,0.1156888676563119
Bobby Moynihan,236,0.7796610169491526,0.17372881355932204,0.0635593220338983,False,2008.0,2017.0,9.0,0.0,0.0,9.0,7.0,2.0,0.0,0.0,0.0,0.0,0.0,https://www.imdb.com/name/nm1293885/?ref_=fn_nm_nm_1,0.0,193.0,1.0,0.1228007063715856
Eddie Murphy,350,0.6485714285714286,0.07428571428571429,0.011428571428571429,False,1980.0,1984.0,4.0,2.0,0.0,4.0,3.0,1.0,0.0,0.0,0.0,1.0,3.0,https://www.imdb.com/name/nm0000552/?ref_=fn_nm_nm_1,39.0,66.0,6.0,0.1061816608794947
Mike Myers,307,0.7817589576547231,0.15309446254071662,0.029315960912052116,False,1989.0,1995.0,7.0,2.0,0.0,7.0,7.0,1.0,0.0,0.0,0.0,1.0,1.0,https://www.imdb.com/name/nm0000196/?ref_=fn_nm_nm_0,32.0,118.0,5.0,0.1284450873402424
Laraine Newman,325,0.6307692307692307,0.12615384615384614,0.03076923076923077,False,1975.0,1980.0,5.0,0.0,0.0,5.0,5.0,0.0,0.0,0.0,0.0,0.0,0.0,https://www.imdb.com/name/nm0628170/?ref_=fn_nm_nm_0,0.0,104.0,3.0,0.1085009671179884
Don Novello,90,0.5666666666666667,0.15555555555555556,0.044444444444444446,False,1977.0,1986.0,4.0,4.0,0.0,2.0,0.0,2.0,0.0,0.0,0.0,0.0,1.0,https://www.imdb.com/name/nm0637038/?ref_=fn_nm_nm_1,71.0,39.0,0.0,0.0602219127962527
Luke Null,6,0.8333333333333334,0.3333333333333333,0,False,2017.0,2018.0,1.0,0.0,0.0,1.0,0.0,1.0,0.0,0.0,0.0,0.0,0.0,https://www.imdb.com/name/nm3760937/?ref_=fn_nm_nm_0,0.0,21.0,0.0,0.088708955745613
Ego Nwodim,32,0.65625,0.125,0.03125,True,2018.0,2023.0,5.0,0.0,0.0,5.0,3.0,2.0,0.0,0.0,0.0,0.0,0.0,https://www.imdb.com/name/nm4945455/?ref_=fn_nm_nm_0,0.0,78.0,2.0,0.1031986670084593
Michael Patrick O'Brien (II) ,0,0,0,0,,,,,,,,,,,,,,,,,,,
Cheri Oteri,161,0.6894409937888198,0.19254658385093168,0.024844720496894408,False,1995.0,2000.0,5.0,0.0,0.0,5.0,5.0,0.0,0.0,0.0,0.0,1.0,0.0,https://www.imdb.com/name/nm0652783/?ref_=fn_nm_nm_1,0.0,98.0,2.0,0.1077178345878679
Chris Parnell,250,0.748,0.2,0.064,False,1998.0,2006.0,8.0,0.0,0.0,8.0,7.0,1.0,0.0,0.0,0.0,0.0,0.0,https://www.imdb.com/name/nm0663177/?ref_=fn_nm_nm_0,0.0,148.0,3.0,0.1166096251543893
Nasim Pedrad,59,0.864406779661017,0.3389830508474576,0.05084745762711865,False,2009.0,2014.0,5.0,0.0,0.0,5.0,3.0,2.0,0.0,0.0,0.0,0.0,0.0,https://www.imdb.com/name/nm1840659/?ref_=fn_nm_nm_1,0.0,109.0,0.0,0.1070486122439467
Jay Pharoah,147,0.7414965986394558,0.14285714285714285,0.034013605442176874,False,2010.0,2016.0,6.0,0.0,0.0,6.0,4.0,2.0,0.0,0.0,0.0,0.0,0.0,https://www.imdb.com/name/nm3982894/?ref_=fn_nm_nm_1,0.0,128.0,1.0,0.1108663668212501
Emily Prager,5,0.6,0.4,0.2,False,1981.0,1981.0,1.0,0.0,0.0,1.0,0.0,1.0,0.0,0.0,0.0,0.0,0.0,https://www.imdb.com/name/nm0695104/?ref_=fn_nm_nm_0,0.0,4.0,1.0,0.0865950455594136
Randy Quaid,133,0.3383458646616541,0.045112781954887216,0.015037593984962405,False,1985.0,1986.0,1.0,0.0,0.0,1.0,1.0,0.0,0.0,0.0,0.0,0.0,0.0,https://www.imdb.com/name/nm0001642/?ref_=fn_nm_nm_0,0.0,18.0,1.0,0.0933584628649996
Gilda Radner,98,0.7857142857142857,0.4387755102040816,0.10204081632653061,False,1975.0,1980.0,5.0,0.0,0.0,5.0,5.0,0.0,0.0,0.0,0.0,1.0,0.0,https://www.imdb.com/name/nm0705717/?ref_=fn_nm_nm_0,3.0,107.0,2.0,0.1092129057817342
Chris Redd,65,0.8307692307692308,0.13846153846153847,0.07692307692307693,False,2017.0,2022.0,5.0,0.0,0.0,5.0,3.0,2.0,0.0,0.0,0.0,0.0,0.0,https://www.imdb.com/name/nm5412083/?ref_=fn_nm_nm_1,0.0,100.0,1.0,0.1059423690895108
Jeff Richards (III),48,0.5,0.10416666666666667,0,False,2001.0,2004.0,3.0,0.0,0.0,3.0,1.0,2.0,0.0,0.0,0.0,0.0,0.0,https://www.imdb.com/name/nm0724145/?ref_=fn_al_nm_2,0.0,50.0,0.0,0.0961560749768901
Rob Riggle,259,0.6833976833976834,0.04247104247104247,0.019305019305019305,False,2004.0,2005.0,1.0,0.0,0.0,1.0,0.0,1.0,0.0,0.0,0.0,0.0,0.0,https://www.imdb.com/name/nm1443527/?ref_=fn_nm_nm_0,0.0,21.0,0.0,0.088708955745613
Ann Risley,14,0.21428571428571427,0.14285714285714285,0,False,1980.0,1981.0,1.0,0.0,0.0,1.0,1.0,0.0,0.0,0.0,0.0,0.0,0.0,https://www.imdb.com/name/nm0728315/?ref_=fn_nm_nm_0,0.0,12.0,0.0,0.0925753303348791
Chris Rock,492,0.741869918699187,0.09349593495934959,0.04878048780487805,False,1990.0,1993.0,3.0,0.0,0.0,3.0,2.0,0.0,1.0,0.0,0.0,1.0,3.0,https://www.imdb.com/name/nm0001674/?ref_=fn_nm_nm_0,0.0,57.0,17.0,0.0991699486534144
Jon Rudnitsky,31,0.7741935483870968,0.06451612903225806,0,False,2015.0,2016.0,1.0,0.0,0.0,1.0,0.0,1.0,0.0,0.0,0.0,0.0,0.0,https://www.imdb.com/name/nm4339544/?ref_=fn_nm_nm_0,0.0,21.0,0.0,0.088708955745613
Maya Rudolph,255,0.8549019607843137,0.2627450980392157,0.13333333333333333,False,2000.0,2007.0,9.0,0.0,0.0,9.0,7.0,2.0,0.0,0.0,0.0,0.0,2.0,https://www.imdb.com/name/nm0748973/?ref_=fn_nm_nm_1,0.0,162.0,8.0,0.1190876724175878
Andy Samberg,268,0.914179104477612,0.21641791044776118,0.11940298507462686,False,2005.0,2012.0,7.0,0.0,0.0,7.0,6.0,1.0,0.0,0.0,0.0,0.0,1.0,https://www.imdb.com/name/nm1676221/?ref_=fn_nm_nm_1,17.0,140.0,5.0,0.1165517999047863
Paul Shaffer,193,0.6787564766839378,0.12953367875647667,0.06217616580310881,False,1979.0,1980.0,1.0,0.0,0.0,1.0,0.0,1.0,0.0,0.0,0.0,0.0,1.0,https://www.imdb.com/name/nm0787238/?ref_=fn_nm_nm_1,0.0,27.0,33.0,0.0903683204772669
Molly Shannon,260,0.7730769230769231,0.21153846153846154,0.05384615384615385,False,1995.0,2001.0,7.0,0.0,0.0,7.0,6.0,1.0,0.0,0.0,0.0,1.0,1.0,https://www.imdb.com/name/nm0788340/?ref_=fn_nm_nm_1,0.0,117.0,7.0,0.1116613289299779
Jenny Slate,140,0.7,0.04285714285714286,0,False,2009.0,2010.0,1.0,0.0,0.0,1.0,0.0,1.0,0.0,0.0,0.0,0.0,0.0,https://www.imdb.com/name/nm2809577/?ref_=fn_nm_nm_1,0.0,22.0,0.0,0.0888349141245834
Pamela Stephenson,76,0.3815789473684211,0.06578947368421052,0,False,1984.0,1985.0,1.0,0.0,0.0,1.0,1.0,0.0,0.0,0.0,0.0,0.0,0.0,https://www.imdb.com/name/nm0827298/?ref_=fn_nm_nm_1,0.0,18.0,0.0,0.0933310806087017
Ben Stiller,525,0.6647619047619048,0.04380952380952381,0.03619047619047619,False,1989.0,1990.0,1.0,1.0,0.0,1.0,0.0,1.0,0.0,0.0,0.0,0.0,2.0,https://www.imdb.com/name/nm0001774/?ref_=fn_nm_nm_0,0.0,13.0,3.0,0.0877834354827433
Julia Sweeney,131,0.7175572519083969,0.22900763358778625,0.022900763358778626,False,1990.0,1994.0,4.0,0.0,0.0,4.0,3.0,0.0,1.0,0.0,0.0,0.0,0.0,https://www.imdb.com/name/nm0842140/?ref_=fn_nm_nm_0,0.0,78.0,2.0,0.1028848372212253
Kenan Thompson,228,0.7719298245614035,0.2149122807017544,0.07017543859649122,False,2003.0,2023.0,20.0,0.0,0.0,20.0,18.0,2.0,0.0,0.0,0.0,0.0,0.0,https://www.imdb.com/name/nm0860380/?ref_=fn_nm_nm_0,0.0,383.0,2.0,0.1590734194029503
Danitra Vance,19,0.6842105263157895,0.2631578947368421,0,False,1985.0,1986.0,1.0,0.0,0.0,1.0,1.0,0.0,0.0,0.0,0.0,0.0,0.0,https://www.imdb.com/name/nm0888503/?ref_=fn_nm_nm_0,0.0,17.0,1.0,0.0932325044860292
Melissa Villaseñor,67,0.7164179104477612,0.11940298507462686,0.04477611940298507,False,2016.0,2022.0,6.0,0.0,0.0,6.0,4.0,2.0,0.0,0.0,0.0,0.0,0.0,https://www.imdb.com/name/nm3830257/?ref_=fn_nm_nm_1,0.0,120.0,2.0,0.1098860820457846
Dan Vitale,12,0.4166666666666667,0.16666666666666666,0.08333333333333333,False,1985.0,1986.0,1.0,0.0,0.0,1.0,0.0,1.0,0.0,0.0,0.0,0.0,0.0,https://www.imdb.com/name/nm0899865/?ref_=fn_nm_nm_0,0.0,4.0,0.0,0.0865676633031157
Nancy Carell,29,0.896551724137931,0.2413793103448276,0.034482758620689655,False,1995.0,1996.0,1.0,0.0,0.0,1.0,1.0,0.0,0.0,0.0,0.0,0.0,0.0,https://www.imdb.com/name/nm0909391/?ref_=fn_nm_nm_0,0.0,17.0,5.0,0.0933420335112209
Michaela Watkins,160,0.69375,0.03125,0,False,2008.0,2009.0,1.0,0.0,0.0,1.0,0.0,1.0,0.0,0.0,0.0,0.0,0.0,https://www.imdb.com/name/nm1143861/?ref_=fn_nm_nm_1,0.0,15.0,0.0,0.0879532054717904
Damon Wayans,144,0.6736111111111112,0.05555555555555555,0.034722222222222224,False,1985.0,1986.0,1.0,0.0,0.0,1.0,0.0,1.0,0.0,0.0,0.0,0.0,1.0,https://www.imdb.com/name/nm0001834/?ref_=fn_nm_nm_1,0.0,11.0,2.0,0.0875041364685045
Patrick Weathers,20,0.2,0.1,0.05,False,1980.0,1981.0,1.0,0.0,0.0,1.0,0.0,1.0,0.0,0.0,0.0,0.0,0.0,https://www.imdb.com/name/nm0915778/?ref_=fn_nm_nm_0,0.0,10.0,0.0,0.0873234135769383
Noël Wells,48,0.5625,0.14583333333333334,0.020833333333333332,False,2013.0,2014.0,1.0,0.0,0.0,1.0,0.0,1.0,0.0,0.0,0.0,0.0,0.0,https://www.imdb.com/name/nm3644706/?ref_=fn_nm_nm_1,0.0,21.0,0.0,0.088708955745613
Brooks Wheelan,46,0.7608695652173914,0.13043478260869565,0.021739130434782608,False,2013.0,2014.0,1.0,0.0,0.0,1.0,0.0,1.0,0.0,0.0,0.0,0.0,0.0,https://www.imdb.com/name/nm5120390/?ref_=fn_nm_nm_1,0.0,21.0,1.0,0.0887363380019109
Kristen Wiig,256,0.77734375,0.20703125,0.10546875,False,2005.0,2012.0,7.0,0.0,0.0,7.0,6.0,1.0,0.0,0.0,0.0,0.0,4.0,https://www.imdb.com/name/nm1325419/?ref_=fn_nm_nm_1,0.0,139.0,9.0,0.1144871777799232
Casey Wilson,189,0.7513227513227513,0.06349206349206349,0.010582010582010581,False,2008.0,2009.0,2.0,0.0,0.0,2.0,0.0,2.0,0.0,0.0,0.0,0.0,0.0,https://www.imdb.com/name/nm1988111/?ref_=fn_nm_nm_1,0.0,30.0,0.0,0.0909064109435809
Sasheer Zamata,104,0.7115384615384616,0.08653846153846154,0.019230769230769232,False,2014.0,2017.0,4.0,0.0,0.0,4.0,3.0,1.0,0.0,0.0,0.0,0.0,0.0,https://www.imdb.com/name/nm3550886/?ref_=fn_nm_nm_1,0.0,74.0,0.0,0.1023262391927478
Alan Zweibel,65,0.8615384615384616,0.3076923076923077,0.16923076923076924,False,1980.0,1980.0,1.0,5.0,0.0,1.0,0.0,1.0,0.0,0.0,0.0,0.0,0.0,https://www.imdb.com/name/nm0958993/?ref_=fn_nm_nm_1,110.0,52.0,0.0,0.105866677541889
Tim Kazurinsky,76,0.47368421052631576,0.07894736842105263,0,False,1981.0,1984.0,4.0,3.0,0.0,4.0,4.0,0.0,0.0,0.0,0.0,0.0,0.0,https://www.imdb.com/name/nm0443730/?ref_=fn_nm_nm_0,60.0,57.0,5.0,0.1088007736943907
Laura Kightlinger,100,0.74,0.06,0.04,False,1994.0,1995.0,1.0,1.0,0.0,1.0,0.0,1.0,0.0,0.0,0.0,0.0,0.0,https://www.imdb.com/name/nm0452716/?ref_=fn_nm_nm_0,20.0,19.0,1.0,0.0908940597981869
Tim Robinson,52,0.7884615384615384,0.2692307692307692,0.11538461538461539,False,2012.0,2016.0,4.0,3.0,0.0,1.0,0.0,1.0,0.0,0.0,0.0,0.0,0.0,https://www.imdb.com/name/nm4200503/?ref_=fn_nm_nm_0,68.0,21.0,0.0,0.0363432161916524
Tony Rosato,100,0.25,0.04,0,False,1981.0,1982.0,1.0,1.0,0.0,1.0,1.0,0.0,0.0,0.0,0.0,0.0,0.0,https://www.imdb.com/name/nm0711014/?ref_=fn_nm_nm_1,21.0,20.0,1.0,0.0961405001048682
Adam Sandler,424,0.8089622641509434,0.1580188679245283,0.06839622641509434,False,1990.0,1995.0,6.0,3.0,0.0,6.0,2.0,3.0,1.0,0.0,0.0,1.0,1.0,https://www.imdb.com/name/nm0001191/?ref_=fn_nm_nm_1,60.0,87.0,10.0,0.1115107625861278
Rob Schneider,264,0.6893939393939394,0.11742424242424243,0.03787878787878788,False,1989.0,1994.0,5.0,3.0,0.0,5.0,2.0,2.0,1.0,0.0,0.0,0.0,0.0,https://www.imdb.com/name/nm0001705/?ref_=fn_nm_nm_1,56.0,80.0,4.0,0.1092523362308033
Harry Shearer,328,0.6128048780487805,0.04573170731707317,0.009146341463414634,False,1979.0,1985.0,2.0,2.0,0.0,2.0,2.0,0.0,0.0,0.0,0.0,0.0,0.0,https://www.imdb.com/name/nm0733427/?ref_=fn_nm_nm_0,31.0,38.0,2.0,0.1007037822469762
Martin Short,323,0.7492260061919505,0.13622291021671826,0.07120743034055728,False,1984.0,1985.0,1.0,1.0,0.0,1.0,1.0,0.0,0.0,0.0,0.0,0.0,3.0,https://www.imdb.com/name/nm0001737/?ref_=fn_nm_nm_1,17.0,25.0,5.0,0.0963978933140686
Sarah Silverman,433,0.7182448036951501,0.06697459584295612,0.053117782909930716,False,1993.0,1994.0,1.0,1.0,0.0,1.0,0.0,1.0,0.0,0.0,0.0,0.0,1.0,https://www.imdb.com/name/nm0798971/?ref_=fn_nm_nm_1,20.0,18.0,1.0,0.0907681014192165
Robert Smigel,149,0.8993288590604027,0.30201342281879195,0.1476510067114094,False,1985.0,2008.0,23.0,23.0,0.0,2.0,0.0,2.0,0.0,0.0,0.0,0.0,0.0,https://www.imdb.com/name/nm0806912/?ref_=fn_nm_nm_0,425.0,114.0,140.0,0.1012569798156548
David Spade,318,0.8018867924528302,0.1509433962264151,0.0660377358490566,False,1989.0,1996.0,7.0,3.0,0.0,7.0,3.0,3.0,1.0,0.0,0.0,1.0,2.0,https://www.imdb.com/name/nm0005450/?ref_=fn_nm_nm_1,57.0,77.0,46.0,0.1124155145034406
Jason Sudeikis,231,0.7878787878787878,0.17316017316017315,0.05627705627705628,False,2003.0,2013.0,10.0,2.0,0.0,9.0,8.0,1.0,0.0,0.0,0.0,0.0,0.0,https://www.imdb.com/name/nm0837177/?ref_=fn_nm_nm_0,37.0,177.0,2.0,0.117945526788003
Jason Sudeikis,231,0.7878787878787878,0.17316017316017315,0.05627705627705628,False,2003.0,2013.0,10.0,2.0,0.0,9.0,8.0,1.0,0.0,0.0,0.0,0.0,0.0,https://www.imdb.com/name/nm0837177/?ref_=fn_nm_nm_0,37.0,177.0,2.0,0.117945526788003
Terry Sweeney,23,0.6521739130434783,0.17391304347826086,0,False,1980.0,1986.0,3.0,2.0,0.0,1.0,1.0,0.0,0.0,0.0,0.0,0.0,0.0,https://www.imdb.com/name/nm0842202/?ref_=fn_nm_nm_1,31.0,18.0,1.0,0.0392210621985038
Bowen Yang,51,0.7450980392156863,0.1568627450980392,0.11764705882352941,True,2019.0,2023.0,5.0,1.0,0.0,4.0,2.0,2.0,0.0,0.0,0.0,0.0,0.0,https://www.imdb.com/name/nm6299248/?ref_=fn_nm_nm_1,0.0,59.0,0.0,0.0827506932954254
Anne Beatts,46,0.6956521739130435,0.30434782608695654,0.06521739130434782,False,1975.0,1980.0,5.0,5.0,0.0,0.0,0.0,0.0,0.0,0.0,0.0,0.0,0.0,https://www.imdb.com/name/nm0064186/?ref_=fn_nm_nm_0,108.0,41.0,0.0,0.0234954906667288
Lorne Michaels,295,0.8847457627118644,0.7322033898305085,0.4101694915254237,True,1975.0,2023.0,43.0,43.0,1.0,0.0,0.0,0.0,0.0,0.0,0.0,0.0,0.0,https://www.imdb.com/name/nm0584427/?ref_=fn_nm_nm_1,833.0,6.0,915.0,1.0
Marilyn Suzanne Miller,20,0.9,0.55,0.05,False,1975.0,1995.0,7.0,7.0,0.0,0.0,0.0,0.0,0.0,0.0,0.0,0.0,0.0,https://www.imdb.com/name/nm0588897/?ref_=fn_nm_nm_0,137.0,21.0,1.0,0.0266253408217007
Herbert Sargent,21,0.7619047619047619,0.5238095238095238,0.19047619047619047,False,1975.0,1995.0,17.0,17.0,2.0,0.0,0.0,0.0,0.0,0.0,0.0,0.0,0.0,https://www.imdb.com/name/nm0765109/?ref_=fn_nm_nm_0,319.0,0.0,0.0,0.0741659001462671
Rosie Shuster,23,0.9565217391304348,0.6086956521739131,0.17391304347826086,False,1975.0,1988.0,8.0,8.0,0.0,0.0,0.0,0.0,0.0,0.0,0.0,0.0,0.0,https://www.imdb.com/name/nm0776874/?ref_=fn_nm_nm_1,161.0,44.0,1.0,0.0334777795903148
Bruce McCall (I),7,0.7142857142857143,0.14285714285714285,0,False,1976.0,1977.0,1.0,1.0,0.0,0.0,0.0,0.0,0.0,0.0,0.0,0.0,0.0,https://www.imdb.com/name/nm0564620/?ref_=fn_al_nm_0,7.0,0.0,0.0,0.0019072032812099
Neil Levy,7,0.5714285714285714,0.5714285714285714,0,False,1977.0,1978.0,1.0,1.0,0.0,0.0,0.0,0.0,0.0,0.0,0.0,0.0,0.0,https://www.imdb.com/name/nm0506561/?ref_=fn_nm_nm_1,16.0,53.0,3.0,0.0097494814849339
Brian McConnachie,32,0.65625,0.125,0.03125,False,1978.0,1979.0,1.0,1.0,0.0,0.0,0.0,0.0,0.0,0.0,0.0,0.0,0.0,https://www.imdb.com/name/nm0566234/?ref_=fn_nm_nm_1,23.0,3.0,0.0,0.0042127892614947
Walter Williams,20,0.4,0.25,0,False,1978.0,1979.0,1.0,1.0,0.0,0.0,0.0,0.0,0.0,0.0,0.0,0.0,0.0,https://www.imdb.com/name/nm0931906/?ref_=fn_nm_nm_1,23.0,25.0,25.0,0.007668430006292
Tom Gammill,47,0.9361702127659575,0.10638297872340426,0.0851063829787234,False,1979.0,1980.0,1.0,1.0,0.0,0.0,0.0,0.0,0.0,0.0,0.0,0.0,0.0,https://www.imdb.com/name/nm0303991/?ref_=fn_nm_nm_1,20.0,12.0,0.0,0.004984968889096
Matt Neuman,13,0.8461538461538461,0.15384615384615385,0.07692307692307693,False,1979.0,1981.0,2.0,2.0,0.0,0.0,0.0,0.0,0.0,0.0,0.0,0.0,0.0,https://www.imdb.com/name/nm1238470/?ref_=fn_nm_nm_0,21.0,1.0,0.0,0.0047837384353662
Sarah Paley,4,0.75,0.75,0.5,False,1979.0,1980.0,1.0,1.0,0.0,0.0,0.0,0.0,0.0,0.0,0.0,0.0,0.0,https://www.imdb.com/name/nm1238548/?ref_=fn_nm_nm_0,20.0,10.0,0.0,0.0047330521311551
Max Pross,41,0.975609756097561,0.12195121951219512,0.0975609756097561,False,1979.0,1980.0,1.0,1.0,0.0,0.0,0.0,0.0,0.0,0.0,0.0,0.0,0.0,https://www.imdb.com/name/nm0698795/?ref_=fn_nm_nm_0,20.0,14.0,1.0,0.0052642679033348
Larry Arnstein,12,0.75,0.08333333333333333,0,False,1980.0,1981.0,1.0,1.0,0.0,0.0,0.0,0.0,0.0,0.0,0.0,0.0,0.0,https://www.imdb.com/name/nm0036784/?ref_=fn_nm_nm_1,12.0,0.0,0.0,0.0025096129197641
Barry W. Blaustein,22,0.7727272727272727,0.045454545454545456,0,False,1980.0,1983.0,3.0,3.0,0.0,0.0,0.0,0.0,0.0,0.0,0.0,0.0,0.0,https://www.imdb.com/name/nm0087904/?ref_=fn_nm_nm_1,56.0,1.0,22.0,0.010666845331034
Billy Brown (X),18,0.2777777777777778,0.05555555555555555,0,False,1980.0,1981.0,1.0,1.0,0.0,0.0,0.0,0.0,0.0,0.0,0.0,0.0,0.0,https://www.imdb.com/name/nm0113126/?ref_=fn_nm_nm_1,13.0,0.0,0.0,0.002630094847475
Ferris Butler,1,1.0,1.0,0,False,1980.0,1981.0,1.0,1.0,0.0,0.0,0.0,0.0,0.0,0.0,0.0,0.0,0.0,https://www.imdb.com/name/nm2953521/?ref_=fn_nm_nm_1,12.0,0.0,0.0,0.0025096129197641
John DeBellis,16,0.625,0.0625,0,False,1980.0,1981.0,1.0,1.0,0.0,0.0,0.0,0.0,0.0,0.0,0.0,0.0,0.0,https://www.imdb.com/name/nm0213377/?ref_=fn_nm_nm_0,12.0,0.0,0.0,0.0025096129197641
Jean Doumanian,42,0.5714285714285714,0.35714285714285715,0,False,1980.0,1981.0,1.0,1.0,0.0,0.0,0.0,0.0,0.0,0.0,0.0,0.0,0.0,https://www.imdb.com/name/nm0235389/?ref_=fn_nm_nm_1,13.0,0.0,109.0,0.0056147607839481
Nancy Dowd,13,0.07692307692307693,0.07692307692307693,0,False,1980.0,1981.0,1.0,1.0,0.0,0.0,0.0,0.0,0.0,0.0,0.0,0.0,0.0,https://www.imdb.com/name/nm0235683/?ref_=fn_nm_nm_0,2.0,0.0,0.0,0.0013047936426557
Leslie Fuller (III),8,0.375,0.125,0,False,1980.0,1981.0,1.0,1.0,0.0,0.0,0.0,0.0,0.0,0.0,0.0,0.0,0.0,https://www.imdb.com/name/nm1392887/?ref_=fn_al_nm_2,10.0,0.0,0.0,0.0022686490643424
Mel Green (II),2,0.5,0.5,0,False,1980.0,1981.0,1.0,1.0,0.0,0.0,0.0,0.0,0.0,0.0,0.0,0.0,0.0,https://www.imdb.com/name/nm0338154/?ref_=ttfc_fc_wr638,13.0,0.0,0.0,0.002630094847475
David Hurwitz,12,0.5833333333333334,0.08333333333333333,0,False,1980.0,1981.0,1.0,1.0,0.0,0.0,0.0,0.0,0.0,0.0,0.0,0.0,0.0,https://www.imdb.com/name/nm0403791/?ref_=fn_nm_nm_2,12.0,0.0,0.0,0.0025096129197641
Judith Belushi-Pisano,21,0.9047619047619048,0.2857142857142857,0.09523809523809523,False,1980.0,1981.0,1.0,1.0,0.0,0.0,0.0,0.0,0.0,0.0,0.0,0.0,0.0,https://www.imdb.com/name/nm0413147/?ref_=fn_nm_nm_1,1.0,0.0,1.0,0.0012116939712428
Sean Kelly (V),22,0.4090909090909091,0.09090909090909091,0.045454545454545456,False,1980.0,1981.0,1.0,1.0,0.0,0.0,0.0,0.0,0.0,0.0,0.0,0.0,0.0,https://www.imdb.com/name/nm0446859/?ref_=fn_nm_nm_1,2.0,0.0,0.0,0.0013047936426557
Mitchell Kriegman,34,0.35294117647058826,0.029411764705882353,0,False,1980.0,1981.0,1.0,1.0,0.0,0.0,0.0,0.0,0.0,0.0,0.0,0.0,0.0,https://www.imdb.com/name/nm0471233/?ref_=fn_nm_nm_0,5.0,5.0,1.0,0.0023234135769383
Patricia Marx,11,0.36363636363636365,0.09090909090909091,0,False,1980.0,1981.0,1.0,1.0,0.0,0.0,0.0,0.0,0.0,0.0,0.0,0.0,0.0,https://www.imdb.com/name/nm0555658/?ref_=fn_nm_nm_2,12.0,0.0,0.0,0.0025096129197641
Douglas McGrath,40,0.425,0.025,0,False,1980.0,1981.0,1.0,1.0,0.0,0.0,0.0,0.0,0.0,0.0,0.0,0.0,0.0,https://www.imdb.com/name/nm0569790/?ref_=fn_nm_nm_0,13.0,1.0,0.0,0.0027560532264454
Tom Moore (III),24,0.5,0.041666666666666664,0,False,1980.0,1981.0,1.0,1.0,1.0,0.0,0.0,0.0,0.0,0.0,0.0,0.0,0.0,https://www.imdb.com/name/nm0601964/?ref_=fn_nm_nm_1,1.0,0.0,0.0,0.1511843117149448
Pamela Norris,21,0.47619047619047616,0.047619047619047616,0,False,1980.0,1984.0,4.0,4.0,0.0,0.0,0.0,0.0,0.0,0.0,0.0,0.0,0.0,https://www.imdb.com/name/nm0635873/?ref_=fn_nm_nm_1,65.0,1.0,0.0,0.0122126028291114
Mark Reisman,19,0.631578947368421,0.05263157894736842,0,False,1980.0,1981.0,1.0,1.0,0.0,0.0,0.0,0.0,0.0,0.0,0.0,0.0,0.0,https://www.imdb.com/name/nm0718459/?ref_=fn_nm_nm_1,4.0,0.0,0.0,0.0015457574980774
David Sheffield,16,0.9375,0.0625,0,False,1980.0,1983.0,3.0,3.0,0.0,0.0,0.0,0.0,0.0,0.0,0.0,0.0,0.0,https://www.imdb.com/name/nm0790775/?ref_=fn_nm_nm_1,56.0,1.0,39.0,0.0111323436880986
Jeremy Stevens,16,0.875,0.0625,0,False,1980.0,1981.0,1.0,1.0,1.0,0.0,0.0,0.0,0.0,0.0,0.0,0.0,0.0,https://www.imdb.com/name/nm0828484/?ref_=fn_nm_nm_1,2.0,0.0,0.0,0.1513047936426557
Bob Tischler,12,0.75,0.16666666666666666,0.08333333333333333,False,1980.0,1985.0,5.0,5.0,4.0,0.0,0.0,0.0,0.0,0.0,0.0,0.0,0.0,https://www.imdb.com/name/nm0864293/?ref_=fn_nm_nm_1,72.0,1.0,80.0,0.1363103866141548
Mason Williams,14,0.35714285714285715,0.07142857142857142,0,False,1980.0,1981.0,1.0,1.0,1.0,0.0,0.0,0.0,0.0,0.0,0.0,0.0,0.0,https://www.imdb.com/name/nm0931281/?ref_=fn_nm_nm_1,2.0,0.0,0.0,0.1513047936426557
Dirk Wittenborn,6,0.16666666666666666,0.16666666666666666,0,False,1980.0,1981.0,1.0,1.0,0.0,0.0,0.0,0.0,0.0,0.0,0.0,0.0,0.0,https://www.imdb.com/name/nm0936999/?ref_=fn_nm_nm_1,1.0,0.0,0.0,0.0011843117149448
Joe Bodolai,9,0.3333333333333333,0.1111111111111111,0,False,1981.0,1982.0,1.0,1.0,0.0,0.0,0.0,0.0,0.0,0.0,0.0,0.0,0.0,https://www.imdb.com/name/nm1188688/?ref_=fn_nm_nm_1,20.0,0.0,0.0,0.0034734683414509
Nate Herman,3,0.6666666666666666,0.3333333333333333,0,False,1981.0,1985.0,4.0,4.0,0.0,0.0,0.0,0.0,0.0,0.0,0.0,0.0,0.0,https://www.imdb.com/name/nm2953522/?ref_=fn_nm_nm_1,77.0,7.0,0.0,0.0144141362354641
Nelson Lyon,5,0.2,0.2,0,False,1981.0,1982.0,1.0,1.0,0.0,0.0,0.0,0.0,0.0,0.0,0.0,0.0,0.0,https://www.imdb.com/name/nm0528962/?ref_=fn_nm_nm_1,20.0,2.0,0.0,0.0037253850993917
Mark O'Donnell (IV),4,0.75,0.25,0,False,1981.0,1982.0,1.0,1.0,0.0,0.0,0.0,0.0,0.0,0.0,0.0,0.0,0.0,https://www.imdb.com/name/nm2843346/?ref_=fn_nm_nm_1,20.0,0.0,0.0,0.0034734683414509
Margaret Oberman,11,0.5454545454545454,0.09090909090909091,0,False,1981.0,1985.0,4.0,4.0,0.0,0.0,0.0,0.0,0.0,0.0,0.0,0.0,0.0,https://www.imdb.com/name/nm0643315/?ref_=fn_nm_nm_1,57.0,0.0,0.0,0.0111227890284542
Andrew Smith (III),15,0.6666666666666666,0.13333333333333333,0.06666666666666667,False,1981.0,1985.0,4.0,4.0,2.0,0.0,0.0,0.0,0.0,0.0,0.0,0.0,0.0,https://www.imdb.com/name/nm0807308/?ref_=ttfc_fc_wr367,60.0,5.0,0.0,0.0871140267064389
Terry Southern,10,0.3,0.1,0,False,1981.0,1982.0,1.0,1.0,0.0,0.0,0.0,0.0,0.0,0.0,0.0,0.0,0.0,https://www.imdb.com/name/nm0816143/?ref_=fn_nm_nm_1,20.0,0.0,0.0,0.0034734683414509
Eliot Wald,7,0.8571428571428571,0.2857142857142857,0,False,1981.0,1985.0,4.0,4.0,0.0,0.0,0.0,0.0,0.0,0.0,0.0,0.0,0.0,https://www.imdb.com/name/nm0906997/?ref_=fn_nm_nm_1,77.0,0.0,1.0,0.013559809838969
Andrew Kurtzman,7,1.0,0.14285714285714285,0,False,1982.0,1985.0,3.0,3.0,0.0,0.0,0.0,0.0,0.0,0.0,0.0,0.0,0.0,https://www.imdb.com/name/nm0476065/?ref_=fn_nm_nm_1,56.0,1.0,1.0,0.0100918179487777
Ellen L. Fogle,10,0.7,0.2,0.1,False,1982.0,1983.0,1.0,1.0,0.0,0.0,0.0,0.0,0.0,0.0,0.0,0.0,0.0,https://www.imdb.com/name/nm0283941/?ref_=fn_nm_nm_1,20.0,0.0,0.0,0.0034734683414509
Tracy Tormé,19,0.3157894736842105,0.05263157894736842,0,False,1982.0,1983.0,1.0,1.0,0.0,0.0,0.0,0.0,0.0,0.0,0.0,0.0,0.0,https://www.imdb.com/name/nm0868124/?ref_=fn_nm_nm_1,19.0,0.0,0.0,0.00335298641374
Andy Breckman,40,0.775,0.225,0.025,False,1983.0,1987.0,3.0,3.0,0.0,0.0,0.0,0.0,0.0,0.0,0.0,0.0,0.0,https://www.imdb.com/name/nm0106563/?ref_=fn_nm_nm_1,63.0,10.0,5.0,0.0121783458786791
Adam Green (II),5,0.6,0.4,0.2,False,1983.0,1984.0,1.0,1.0,0.0,0.0,0.0,0.0,0.0,0.0,0.0,0.0,0.0,https://www.imdb.com/name/nm0337580/?ref_=ttfc_fc_wr591,19.0,0.0,0.0,0.00335298641374
Kevin Kelton,18,0.5555555555555556,0.05555555555555555,0,False,1983.0,1985.0,2.0,2.0,0.0,0.0,0.0,0.0,0.0,0.0,0.0,0.0,0.0,https://www.imdb.com/name/nm0447124/?ref_=fn_nm_nm_0,37.0,4.0,0.0,0.0070893244156509
Michael C. McCarthy,31,0.5483870967741935,0.06451612903225806,0,False,1983.0,1984.0,1.0,1.0,0.0,0.0,0.0,0.0,0.0,0.0,0.0,0.0,0.0,https://www.imdb.com/name/nm0565258/?ref_=fn_nm_nm_0,16.0,0.0,0.0,0.0029915406306075
Larry David,150,0.8466666666666667,0.1,0.06666666666666667,False,1984.0,1985.0,1.0,1.0,0.0,0.0,0.0,0.0,0.0,0.0,0.0,0.0,0.0,https://www.imdb.com/name/nm0202970/?ref_=fn_nm_nm_1,18.0,18.0,4.0,0.0056092843326885
Rob Riley (I),23,0.34782608695652173,0.043478260869565216,0,False,1984.0,1985.0,1.0,1.0,0.0,0.0,0.0,0.0,0.0,0.0,0.0,0.0,0.0,https://www.imdb.com/name/nm0726988/?ref_=fn_al_nm_7,16.0,5.0,0.0,0.0036213325254596
Jack Handey,17,0.5882352941176471,0.4117647058823529,0.058823529411764705,False,1985.0,2001.0,10.0,10.0,0.0,0.0,0.0,0.0,0.0,0.0,0.0,0.0,0.0,https://www.imdb.com/name/nm0359532/?ref_=fn_nm_nm_1,179.0,0.0,80.0,0.0343951434364149
Lanier Laney,7,1.0,0.14285714285714285,0,False,1985.0,1986.0,1.0,1.0,0.0,0.0,0.0,0.0,0.0,0.0,0.0,0.0,0.0,https://www.imdb.com/name/nm0485640/?ref_=fn_nm_nm_0,18.0,2.0,0.0,0.00348442124397
Carol Leifer,117,0.7264957264957265,0.05982905982905983,0.042735042735042736,False,1985.0,1986.0,1.0,1.0,0.0,0.0,0.0,0.0,0.0,0.0,0.0,0.0,0.0,https://www.imdb.com/name/nm0500140/?ref_=fn_nm_nm_0,18.0,4.0,0.0,0.0037363380019109
George Meyer,14,0.9285714285714286,0.21428571428571427,0,False,1985.0,1989.0,4.0,4.0,0.0,0.0,0.0,0.0,0.0,0.0,0.0,0.0,0.0,https://www.imdb.com/name/nm0583127/?ref_=fn_nm_nm_0,71.0,0.0,0.0,0.012809536016406
Bruce McCulloch,71,0.7323943661971831,0.15492957746478872,0.11267605633802817,False,1985.0,1986.0,1.0,1.0,0.0,0.0,0.0,0.0,0.0,0.0,0.0,0.0,0.0,https://www.imdb.com/name/nm0567126/?ref_=fn_nm_nm_1,0.0,3.0,3.0,0.001523851693039
Richard Rosen (IV),7,0.7142857142857143,0.14285714285714285,0,False,1985.0,1986.0,1.0,1.0,0.0,0.0,0.0,0.0,0.0,0.0,0.0,0.0,0.0,https://www.imdb.com/name/nm2399917/?ref_=fn_nm_nm_1,3.0,0.0,0.0,0.0014252755703665
Suzy Schneider,1,1.0,1.0,0,False,1985.0,1986.0,1.0,1.0,0.0,0.0,0.0,0.0,0.0,0.0,0.0,0.0,0.0,https://www.imdb.com/name/nm2954512/?ref_=fn_nm_nm_2,6.0,0.0,0.0,0.0017867213534991
John Swartzwelder,8,0.75,0.125,0,False,1985.0,1986.0,1.0,1.0,0.0,0.0,0.0,0.0,0.0,0.0,0.0,0.0,0.0,https://www.imdb.com/name/nm0841990/?ref_=fn_nm_nm_1,18.0,4.0,0.0,0.0037363380019109
E. Jean Carroll,10,0.8,0.3,0,False,1986.0,1987.0,1.0,1.0,0.0,0.0,0.0,0.0,0.0,0.0,0.0,0.0,0.0,https://www.imdb.com/name/nm0140800/?ref_=fn_nm_nm_0,18.0,0.0,0.0,0.0032325044860292
Marc Shaiman,95,0.6,0.08421052631578947,0.031578947368421054,False,1986.0,1989.0,2.0,2.0,0.0,0.0,0.0,0.0,0.0,0.0,0.0,0.0,0.0,https://www.imdb.com/name/nm0003299/?ref_=fn_nm_nm_0,20.0,14.0,4.0,0.0064102444594626
Bonnie Turner,19,0.9473684210526315,0.3684210526315789,0.05263157894736842,False,1986.0,1992.0,6.0,6.0,0.0,0.0,0.0,0.0,0.0,0.0,0.0,0.0,0.0,https://www.imdb.com/name/nm0877425/?ref_=fn_nm_nm_0,130.0,13.0,1.0,0.0237104705087273
Terry Turner,17,1.0,0.4117647058823529,0.058823529411764705,False,1986.0,1992.0,6.0,6.0,0.0,0.0,0.0,0.0,0.0,0.0,0.0,0.0,0.0,https://www.imdb.com/name/nm0877901/?ref_=fn_nm_nm_0,130.0,10.0,2.0,0.023359977628114
Jon Vitti,19,0.631578947368421,0.05263157894736842,0,False,1986.0,1987.0,1.0,1.0,0.0,0.0,0.0,0.0,0.0,0.0,0.0,0.0,0.0,https://www.imdb.com/name/nm0900140/?ref_=fn_nm_nm_1,20.0,0.0,0.0,0.0034734683414509
Christine Zander,27,0.7407407407407407,0.14814814814814814,0,False,1986.0,1993.0,7.0,7.0,0.0,0.0,0.0,0.0,0.0,0.0,0.0,0.0,0.0,https://www.imdb.com/name/nm0952863/?ref_=fn_nm_nm_0,130.0,25.0,1.0,0.0262858008436065
Greg Daniels,43,0.813953488372093,0.09302325581395349,0.023255813953488372,False,1987.0,1990.0,3.0,3.0,0.0,0.0,0.0,0.0,0.0,0.0,0.0,0.0,0.0,https://www.imdb.com/name/nm0199948/?ref_=fn_nm_nm_1,53.0,0.0,0.0,0.0095770315303768
Conan O'Brien,359,0.6824512534818942,0.0947075208913649,0.06406685236768803,False,1987.0,1991.0,4.0,4.0,0.0,0.0,0.0,0.0,0.0,0.0,0.0,0.0,0.0,https://www.imdb.com/name/nm0005277/?ref_=fn_nm_nm_0,72.0,21.0,3.0,0.0156572906713896
Bob Odenkirk,309,0.7087378640776699,0.0744336569579288,0.05177993527508091,False,1987.0,1991.0,4.0,4.0,0.0,0.0,0.0,0.0,0.0,0.0,0.0,0.0,0.0,https://www.imdb.com/name/nm0644022/?ref_=fn_nm_nm_1,131.0,13.0,1.0,0.0217032928619701
John Bowman,32,0.8125,0.09375,0,False,1988.0,1989.0,1.0,1.0,0.0,0.0,0.0,0.0,0.0,0.0,0.0,0.0,0.0,https://www.imdb.com/name/nm0101337/?ref_=fn_nm_nm_0,21.0,2.0,0.0,0.0038458670271026
Shannon Gaughan,7,1.0,0.2857142857142857,0,False,1988.0,1989.0,1.0,1.0,0.0,0.0,0.0,0.0,0.0,0.0,0.0,0.0,0.0,https://www.imdb.com/name/nm0969183/?ref_=fn_nm_nm_0,20.0,0.0,0.0,0.0034734683414509
Tom Hymes,5,0.4,0.4,0,False,1989.0,1990.0,1.0,1.0,0.0,0.0,0.0,0.0,0.0,0.0,0.0,0.0,0.0,https://www.imdb.com/name/nm1631821/?ref_=fn_nm_nm_1,16.0,0.0,0.0,0.0029915406306075
Dan McGrath (I),9,0.7777777777777778,0.1111111111111111,0,False,1990.0,1992.0,2.0,2.0,0.0,0.0,0.0,0.0,0.0,0.0,0.0,0.0,0.0,https://www.imdb.com/name/nm0569775/?ref_=fn_nm_nm_1,36.0,0.0,0.0,0.0064650089720584
Andy Robin (I),10,0.8,0.1,0,False,1990.0,1991.0,1.0,1.0,0.0,0.0,0.0,0.0,0.0,0.0,0.0,0.0,0.0,https://www.imdb.com/name/nm0732165/?ref_=fn_nm_nm_1,18.0,1.0,0.0,0.0033584628649996
Warren Hutcherson,40,0.625,0.05,0.025,False,1991.0,1993.0,2.0,2.0,0.0,0.0,0.0,0.0,0.0,0.0,0.0,0.0,0.0,https://www.imdb.com/name/nm0404209/?ref_=fn_nm_nm_0,40.0,4.0,1.0,0.0074781524550814
Steve Koren,25,0.76,0.36,0.08,False,1991.0,1998.0,6.0,6.0,0.0,0.0,0.0,0.0,0.0,0.0,0.0,0.0,0.0,https://www.imdb.com/name/nm0466175/?ref_=fn_nm_nm_0,120.0,6.0,1.0,0.0216239425788259
Ian Maxtone-Graham,13,0.9230769230769231,0.3076923076923077,0.07692307692307693,False,1991.0,1995.0,4.0,4.0,0.0,0.0,0.0,0.0,0.0,0.0,0.0,0.0,0.0,https://www.imdb.com/name/nm0561631/?ref_=fn_nm_nm_0,61.0,4.0,1.0,0.0121359325114772
Bruce Handy,3,0.6666666666666666,0.3333333333333333,0,False,1992.0,1993.0,1.0,1.0,0.0,0.0,0.0,0.0,0.0,0.0,0.0,0.0,0.0,https://www.imdb.com/name/nm1554692/?ref_=fn_nm_nm_0,19.0,0.0,0.0,0.00335298641374
Dawna Kaufmann,5,1.0,0.2,0,False,1992.0,1993.0,1.0,1.0,0.0,0.0,0.0,0.0,0.0,0.0,0.0,0.0,0.0,https://www.imdb.com/name/nm0442126/?ref_=fn_nm_nm_1,18.0,0.0,0.0,0.0032325044860292
David Mandel,44,0.7045454545454546,0.09090909090909091,0.045454545454545456,False,1992.0,1995.0,3.0,3.0,0.0,0.0,0.0,0.0,0.0,0.0,0.0,0.0,0.0,https://www.imdb.com/name/nm0541635/?ref_=fn_nm_nm_0,61.0,3.0,0.0,0.0109187620889748
Vanessa Middleton,12,0.3333333333333333,0.08333333333333333,0,False,1992.0,1993.0,1.0,1.0,0.0,0.0,0.0,0.0,0.0,0.0,0.0,0.0,0.0,https://www.imdb.com/name/nm0585583/?ref_=fn_nm_nm_1,19.0,0.0,0.0,0.00335298641374
Glenn Rockowitz,4,0.75,0.25,0,False,1992.0,1993.0,1.0,1.0,0.0,0.0,0.0,0.0,0.0,0.0,0.0,0.0,0.0,https://www.imdb.com/name/nm1032308/?ref_=fn_nm_nm_0,6.0,0.0,0.0,0.0017867213534991
Dave Attell,137,0.7153284671532847,0.0364963503649635,0.014598540145985401,False,1993.0,1994.0,1.0,1.0,0.0,0.0,0.0,0.0,0.0,0.0,0.0,0.0,0.0,https://www.imdb.com/name/nm0040995/?ref_=fn_nm_nm_0,20.0,7.0,0.0,0.0043551769942438
Tony De Sena (I),29,0.6206896551724138,0.034482758620689655,0,False,1993.0,1994.0,1.0,1.0,0.0,0.0,0.0,0.0,0.0,0.0,0.0,0.0,0.0,https://www.imdb.com/name/nm1096215/?ref_=fn_al_nm_0,20.0,0.0,0.0,0.0034734683414509
Tim Herlihy,35,0.9714285714285714,0.4,0.22857142857142856,False,1993.0,2000.0,7.0,7.0,1.0,0.0,0.0,0.0,0.0,0.0,0.0,0.0,0.0,https://www.imdb.com/name/nm0379056/?ref_=fn_nm_nm_0,137.0,1.0,60.0,0.0471502977924408
Steve Lookner,23,0.8260869565217391,0.043478260869565216,0,False,1993.0,1995.0,2.0,2.0,0.0,0.0,0.0,0.0,0.0,0.0,0.0,0.0,0.0,https://www.imdb.com/name/nm0382769/?ref_=fn_nm_nm_1,40.0,2.0,0.0,0.0071988534408426
Lewis Morton,17,0.9411764705882353,0.11764705882352941,0,False,1993.0,1995.0,2.0,2.0,0.0,0.0,0.0,0.0,0.0,0.0,0.0,0.0,0.0,https://www.imdb.com/name/nm0608034/?ref_=fn_nm_nm_0,40.0,1.0,1.0,0.0071002773181701
Ross Abrash,18,0.8888888888888888,0.05555555555555555,0,False,1994.0,1998.0,4.0,4.0,0.0,0.0,0.0,0.0,0.0,0.0,0.0,0.0,0.0,https://www.imdb.com/name/nm1039205/?ref_=fn_nm_nm_0,80.0,0.0,0.0,0.0138938733658036
Norm Hiscock,17,0.7058823529411765,0.17647058823529413,0.11764705882352941,False,1994.0,1997.0,3.0,3.0,0.0,0.0,0.0,0.0,0.0,0.0,0.0,0.0,0.0,https://www.imdb.com/name/nm0386780/?ref_=fn_nm_nm_0,60.0,4.0,1.0,0.0109516207965323
Brian Kelley (I),11,1.0,0.09090909090909091,0,False,1994.0,1995.0,1.0,1.0,0.0,0.0,0.0,0.0,0.0,0.0,0.0,0.0,0.0,https://www.imdb.com/name/nm0445877/?ref_=fn_al_nm_5,20.0,0.0,0.0,0.0034734683414509
Margo Meyer,1,0,0,0,False,1994.0,1995.0,1.0,1.0,0.0,0.0,0.0,0.0,0.0,0.0,0.0,0.0,0.0,https://www.imdb.com/name/nm12200979/?ref_=fn_nm_nm_0,0.0,0.0,0.0,0.001063829787234
Adam Resnick,13,0.6923076923076923,0.07692307692307693,0,False,1994.0,1995.0,1.0,1.0,0.0,0.0,0.0,0.0,0.0,0.0,0.0,0.0,0.0,https://www.imdb.com/name/nm0720304/?ref_=fn_nm_nm_1,20.0,0.0,0.0,0.0034734683414509
Drake Sather,16,0.875,0.0625,0,False,1994.0,1995.0,1.0,1.0,0.0,0.0,0.0,0.0,0.0,0.0,0.0,0.0,0.0,https://www.imdb.com/name/nm0766153/?ref_=fn_nm_nm_0,21.0,0.0,0.0,0.0035939502691617
Steve Higgins,64,0.984375,0.734375,0.1875,True,1995.0,2023.0,28.0,28.0,1.0,0.0,0.0,0.0,0.0,0.0,0.0,0.0,0.0,https://www.imdb.com/name/nm0383492/?ref_=fn_nm_nm_1,534.0,61.0,483.0,0.1203908172063773
Cindy Caponera,29,0.7241379310344828,0.034482758620689655,0,False,1995.0,1998.0,3.0,3.0,0.0,0.0,0.0,0.0,0.0,0.0,0.0,0.0,0.0,https://www.imdb.com/name/nm0135359/?ref_=fn_nm_nm_0,60.0,10.0,0.0,0.011679988814057
Hugh Fink,47,0.5531914893617021,0.06382978723404255,0,False,1995.0,2002.0,7.0,7.0,0.0,0.0,0.0,0.0,0.0,0.0,0.0,0.0,0.0,https://www.imdb.com/name/nm0277813/?ref_=fn_nm_nm_1,141.0,5.0,2.0,0.0251193167253151
Tom Gianas,37,0.6756756756756757,0.08108108108108109,0,False,1995.0,1998.0,3.0,3.0,0.0,0.0,0.0,0.0,0.0,0.0,0.0,0.0,0.0,https://www.imdb.com/name/nm0316139/?ref_=fn_nm_nm_1,60.0,4.0,0.0,0.0109242385402344
Peter Gaulke,14,0.7142857142857143,0.07142857142857142,0,False,1995.0,1996.0,1.0,1.0,0.0,0.0,0.0,0.0,0.0,0.0,0.0,0.0,0.0,https://www.imdb.com/name/nm0310087/?ref_=fn_nm_nm_1,16.0,0.0,0.0,0.0029915406306075
Erin Fraser (III),1,1.0,1.0,0,False,1995.0,1996.0,1.0,1.0,0.0,0.0,0.0,0.0,0.0,0.0,0.0,0.0,0.0,https://www.imdb.com/name/nm0549524/?ref_=fn_al_nm_0,18.0,0.0,0.0,0.0032325044860292
Adam McKay,188,0.7712765957446809,0.10106382978723404,0.047872340425531915,False,1995.0,2001.0,6.0,6.0,3.0,0.0,0.0,0.0,0.0,0.0,0.0,0.0,0.0,https://www.imdb.com/name/nm0570912/?ref_=fn_nm_nm_1,126.0,15.0,9.0,0.0986995176062082
Dennis McNicholas,18,0.8888888888888888,0.4444444444444444,0.1111111111111111,False,1995.0,2023.0,18.0,18.0,4.0,0.0,0.0,0.0,0.0,0.0,0.0,0.0,0.0,https://www.imdb.com/name/nm0574005/?ref_=fn_nm_nm_0,323.0,19.0,144.0,0.0977341862614869
Lori Nasso,11,0.6363636363636364,0.09090909090909091,0,False,1995.0,1999.0,4.0,4.0,0.0,0.0,0.0,0.0,0.0,0.0,0.0,0.0,0.0,https://www.imdb.com/name/nm0621994/?ref_=fn_nm_nm_0,79.0,14.0,1.0,0.0155641909999766
Paula Pell,82,0.9146341463414634,0.34146341463414637,0.18292682926829268,False,1995.0,2009.0,18.0,18.0,2.0,0.0,0.0,0.0,0.0,0.0,0.0,0.0,0.0,https://www.imdb.com/name/nm0996134/?ref_=fn_nm_nm_1,311.0,66.0,4.0,0.0817082643921915
Frank Sebastiano,37,0.972972972972973,0.13513513513513514,0.05405405405405406,False,1995.0,2006.0,9.0,9.0,0.0,0.0,0.0,0.0,0.0,0.0,0.0,0.0,0.0,https://www.imdb.com/name/nm0780980/?ref_=fn_nm_nm_0,173.0,3.0,1.0,0.0308230989722914
Andrew Steele (I),24,0.875,0.20833333333333334,0,False,1995.0,2008.0,13.0,13.0,4.0,0.0,0.0,0.0,0.0,0.0,0.0,0.0,0.0,https://www.imdb.com/name/nm0824482/?ref_=fn_nm_nm_1,240.0,1.0,0.0,0.0890252544174615
David Breckman,9,0.4444444444444444,0.1111111111111111,0,False,1996.0,1997.0,1.0,1.0,0.0,0.0,0.0,0.0,0.0,0.0,0.0,0.0,0.0,https://www.imdb.com/name/nm1184512/?ref_=fn_nm_nm_0,20.0,0.0,0.0,0.0034734683414509
Robert Carlock,28,1.0,0.5,0.42857142857142855,False,1996.0,2001.0,5.0,5.0,0.0,0.0,0.0,0.0,0.0,0.0,0.0,0.0,0.0,https://www.imdb.com/name/nm1061622/?ref_=fn_nm_nm_1,103.0,7.0,0.0,0.01861049614318
Stephen Colbert,351,0.6638176638176638,0.05982905982905983,0.05128205128205128,False,1996.0,1997.0,1.0,1.0,0.0,0.0,0.0,0.0,0.0,0.0,0.0,0.0,0.0,https://www.imdb.com/name/nm0170306/?ref_=fn_nm_nm_0,23.0,17.0,0.0,0.0059762065670807
Matt Piedmont,19,0.7894736842105263,0.2631578947368421,0,False,1996.0,2002.0,6.0,6.0,0.0,0.0,0.0,0.0,0.0,0.0,0.0,0.0,0.0,https://www.imdb.com/name/nm0682126/?ref_=fn_nm_nm_1,119.0,3.0,0.0,0.0210982032579058
Scott Wainio,7,0.5714285714285714,0.2857142857142857,0,False,1996.0,2003.0,7.0,7.0,0.0,0.0,0.0,0.0,0.0,0.0,0.0,0.0,0.0,https://www.imdb.com/name/nm0906511/?ref_=fn_nm_nm_0,139.0,7.0,1.0,0.0251028873715364
Michael McCullers,18,0.7777777777777778,0.2777777777777778,0.1111111111111111,False,1997.0,1998.0,1.0,1.0,0.0,0.0,0.0,0.0,0.0,0.0,0.0,0.0,0.0,https://www.imdb.com/name/nm0567112/?ref_=fn_nm_nm_0,20.0,0.0,0.0,0.0034734683414509
Michael Schur,46,0.8913043478260869,0.06521739130434782,0.021739130434782608,False,1997.0,2004.0,7.0,7.0,0.0,0.0,0.0,0.0,0.0,0.0,0.0,0.0,0.0,https://www.imdb.com/name/nm1321658/?ref_=fn_nm_nm_0,138.0,3.0,40.0,0.0255464799235627
Jerry Collins,18,0.8888888888888888,0.05555555555555555,0,False,1998.0,2000.0,2.0,2.0,0.0,0.0,0.0,0.0,0.0,0.0,0.0,0.0,0.0,https://www.imdb.com/name/nm0172381/?ref_=fn_nm_nm_0,39.0,0.0,0.0,0.0068264547551909
Steven Cragg,22,0.3181818181818182,0.045454545454545456,0,False,1998.0,2000.0,2.0,2.0,0.0,0.0,0.0,0.0,0.0,0.0,0.0,0.0,0.0,https://www.imdb.com/name/nm0185735/?ref_=fn_nm_nm_1,39.0,3.0,0.0,0.0072043298921022
Tony Daro,1,1.0,1.0,0,False,1998.0,2001.0,3.0,3.0,0.0,0.0,0.0,0.0,0.0,0.0,0.0,0.0,0.0,https://www.imdb.com/name/nm1720857/?ref_=fn_nm_nm_0,58.0,0.0,0.0,0.010179441168931
Richard Francese,7,0.7142857142857143,0.42857142857142855,0.14285714285714285,False,1998.0,2000.0,2.0,2.0,0.0,0.0,0.0,0.0,0.0,0.0,0.0,0.0,0.0,https://www.imdb.com/name/nm0289927/?ref_=fn_nm_nm_0,39.0,11.0,1.0,0.0082393791801635
Matt Graham (II),8,0.375,0.25,0.125,False,1998.0,1999.0,1.0,1.0,0.0,0.0,0.0,0.0,0.0,0.0,0.0,0.0,0.0,https://www.imdb.com/name/nm1757994/?ref_=fn_nm_nm_1,18.0,0.0,0.0,0.0032325044860292
Ray James,36,0.7777777777777778,0.1111111111111111,0.05555555555555555,False,1998.0,1999.0,1.0,1.0,0.0,0.0,0.0,0.0,0.0,0.0,0.0,0.0,0.0,https://www.imdb.com/name/nm0416853/?ref_=fn_nm_nm_0,22.0,1.0,0.0,0.003840390575843
T. Sean Shannon,22,0.8181818181818182,0.4090909090909091,0.13636363636363635,False,1998.0,2006.0,8.0,8.0,0.0,0.0,0.0,0.0,0.0,0.0,0.0,0.0,0.0,https://www.imdb.com/name/nm0780643/?ref_=fn_nm_nm_0,158.0,0.0,7.0,0.027738458670271
Kevin Brennan,0,0,0,0,False,1999.0,2000.0,1.0,1.0,0.0,0.0,0.0,0.0,0.0,0.0,0.0,0.0,0.0,https://www.imdb.com/name/nm0107339/?ref_=fn_nm_nm_1,0.0,0.0,0.0,0.001063829787234
Ali Reza,52,0.4807692307692308,0.057692307692307696,0.038461538461538464,False,1999.0,2000.0,1.0,1.0,0.0,0.0,0.0,0.0,0.0,0.0,0.0,0.0,0.0,https://www.imdb.com/name/nm0995946/?ref_=fn_nm_nm_0,17.0,0.0,0.0,0.0031120225583183
J.J. Philbin,15,0.4,0.06666666666666667,0,False,1999.0,2000.0,1.0,1.0,0.0,0.0,0.0,0.0,0.0,0.0,0.0,0.0,0.0,https://www.imdb.com/name/nm0679902/?ref_=fn_nm_nm_1,17.0,0.0,0.0,0.0031120225583183
James Anderson (XI),17,1.0,0.7058823529411765,0.29411764705882354,False,2000.0,2020.0,20.0,20.0,0.0,0.0,0.0,0.0,0.0,0.0,0.0,0.0,0.0,https://www.imdb.com/name/nm1318184/?ref_=fn_al_nm_9,404.0,9.0,0.0,0.0710849199505954
Melanie Graham (I),11,0.45454545454545453,0.09090909090909091,0,False,2000.0,2001.0,1.0,1.0,0.0,0.0,0.0,0.0,0.0,0.0,0.0,0.0,0.0,https://www.imdb.com/name/nm0334218/?ref_=fn_nm_nm_1,20.0,0.0,0.0,0.0034734683414509
Erik Kenward,34,0.9411764705882353,0.8529411764705882,0.17647058823529413,True,2000.0,2023.0,23.0,23.0,0.0,0.0,0.0,0.0,0.0,0.0,0.0,0.0,0.0,https://www.imdb.com/name/nm1334502/?ref_=fn_nm_nm_0,435.0,0.0,228.0,0.0831208780965253
Jon Rosenfeld,2,0.5,0.5,0,False,2000.0,2001.0,1.0,1.0,0.0,0.0,0.0,0.0,0.0,0.0,0.0,0.0,0.0,https://www.imdb.com/name/nm1720897/?ref_=fn_nm_nm_2,18.0,0.0,0.0,0.0032325044860292
Doug Abeles,18,0.7222222222222222,0.3888888888888889,0.16666666666666666,False,2001.0,2011.0,10.0,10.0,0.0,0.0,0.0,0.0,0.0,0.0,0.0,0.0,0.0,https://www.imdb.com/name/nm1263023/?ref_=fn_nm_nm_1,197.0,3.0,66.0,0.0365583416839505
Max Brooks,40,0.4,0.025,0,False,2001.0,2003.0,2.0,2.0,0.0,0.0,0.0,0.0,0.0,0.0,0.0,0.0,0.0,https://www.imdb.com/name/nm0112150/?ref_=fn_nm_nm_0,40.0,0.0,0.0,0.0069469366829018
Louis C.K.,156,0.7371794871794872,0.1346153846153846,0.09615384615384616,False,2001.0,2004.0,3.0,3.0,0.0,0.0,0.0,0.0,0.0,0.0,0.0,0.0,4.0,https://www.imdb.com/name/nm0127373/?ref_=fn_nm_nm_0,15.0,0.0,4.0,0.0051082473025564
Charlie Grandy,15,0.7333333333333333,0.26666666666666666,0.13333333333333333,False,2001.0,2008.0,7.0,7.0,0.0,0.0,0.0,0.0,0.0,0.0,0.0,0.0,0.0,https://www.imdb.com/name/nm0334946/?ref_=fn_nm_nm_0,131.0,1.0,32.0,0.0242321316212626
Ken Scarborough,20,0.35,0.05,0,False,2001.0,2004.0,3.0,3.0,0.0,0.0,0.0,0.0,0.0,0.0,0.0,0.0,0.0,https://www.imdb.com/name/nm0769095/?ref_=fn_nm_nm_0,75.0,0.0,0.0,0.0122276339400153
Barry Sobel,16,0.5625,0.0625,0,False,2000.0,2001.0,1.0,1.0,0.0,0.0,0.0,0.0,0.0,0.0,0.0,0.0,0.0,https://www.imdb.com/name/nm0811746/?ref_=fn_nm_nm_0,20.0,0.0,0.0,0.0034734683414509
Leo Allen,36,0.7777777777777778,0.08333333333333333,0.05555555555555555,False,2002.0,2005.0,3.0,3.0,0.0,0.0,0.0,0.0,0.0,0.0,0.0,0.0,0.0,https://www.imdb.com/name/nm1179485/?ref_=fn_nm_nm_1,60.0,3.0,0.0,0.010798280161264
James Eagan,10,0.4,0.1,0,False,2002.0,2004.0,2.0,2.0,0.0,0.0,0.0,0.0,0.0,0.0,0.0,0.0,0.0,https://www.imdb.com/name/nm0247063/?ref_=fn_nm_nm_0,39.0,0.0,0.0,0.0068264547551909
Corwin Moore,1,1.0,1.0,0,False,2002.0,2003.0,1.0,1.0,0.0,0.0,0.0,0.0,0.0,0.0,0.0,0.0,0.0,https://www.imdb.com/name/nm0601074/?ref_=fn_nm_nm_1,20.0,0.0,0.0,0.0034734683414509
Eric Slovin,20,1.0,0.3,0.25,False,2002.0,2005.0,3.0,3.0,0.0,0.0,0.0,0.0,0.0,0.0,0.0,0.0,0.0,https://www.imdb.com/name/nm0806246/?ref_=fn_nm_nm_1,60.0,11.0,0.0,0.0118059471930274
Emily Spivey,23,0.9130434782608695,0.43478260869565216,0.21739130434782608,False,2002.0,2010.0,8.0,8.0,0.0,0.0,0.0,0.0,0.0,0.0,0.0,0.0,0.0,https://www.imdb.com/name/nm0819225/?ref_=fn_nm_nm_1,180.0,7.0,1.0,0.031106476194915
Jordan Black,116,0.43103448275862066,0.02586206896551724,0.017241379310344827,False,2003.0,2004.0,1.0,1.0,0.0,0.0,0.0,0.0,0.0,0.0,0.0,0.0,0.0,https://www.imdb.com/name/nm0085359/?ref_=fn_nm_nm_1,20.0,0.0,0.0,0.0034734683414509
Liz Cackowski,37,0.8648648648648649,0.16216216216216217,0.13513513513513514,False,2003.0,2006.0,3.0,3.0,0.0,0.0,0.0,0.0,0.0,0.0,0.0,0.0,0.0,https://www.imdb.com/name/nm1560199/?ref_=fn_nm_nm_0,59.0,5.0,0.0,0.010929714991494
David Iserson,12,0.5,0.16666666666666666,0.08333333333333333,False,2003.0,2004.0,1.0,1.0,0.0,0.0,0.0,0.0,0.0,0.0,0.0,0.0,0.0,https://www.imdb.com/name/nm1503347/?ref_=fn_nm_nm_0,20.0,0.0,0.0,0.0034734683414509
Joe Kelly,20,0.85,0.3,0.15,False,2003.0,2013.0,3.0,3.0,0.0,0.0,0.0,0.0,0.0,0.0,0.0,0.0,0.0,https://www.imdb.com/name/nm1918708/?ref_=fn_nm_nm_0,59.0,1.0,0.0,0.0104258814756123
John Lutz,58,0.7413793103448276,0.1724137931034483,0.10344827586206896,False,2003.0,2010.0,7.0,7.0,0.0,0.0,0.0,0.0,0.0,0.0,0.0,0.0,0.0,https://www.imdb.com/name/nm0527572/?ref_=fn_nm_nm_0,115.0,21.0,0.0,0.0239473561557642
J.B. Smoove,212,0.7405660377358491,0.02830188679245283,0.018867924528301886,False,2003.0,2006.0,3.0,3.0,0.0,0.0,0.0,0.0,0.0,0.0,0.0,0.0,0.0,https://www.imdb.com/name/nm1356578/?ref_=fn_nm_nm_0,60.0,12.0,0.0,0.0119319055719978
Rich Talarico,13,0.7692307692307693,0.07692307692307693,0,False,2003.0,2005.0,2.0,2.0,0.0,0.0,0.0,0.0,0.0,0.0,0.0,0.0,0.0,https://www.imdb.com/name/nm0847822/?ref_=fn_nm_nm_0,40.0,1.0,0.0,0.0070728950618722
Alex Baze,18,1.0,0.8333333333333334,0.5555555555555556,False,2004.0,2014.0,10.0,10.0,0.0,0.0,0.0,0.0,0.0,0.0,0.0,0.0,0.0,https://www.imdb.com/name/nm1733287/?ref_=fn_nm_nm_0,195.0,0.0,56.0,0.0356656801286383
Matt Murray (I),15,1.0,0.13333333333333333,0.06666666666666667,False,2004.0,2007.0,3.0,3.0,0.0,0.0,0.0,0.0,0.0,0.0,0.0,0.0,0.0,https://www.imdb.com/name/nm1230361/?ref_=fn_al_nm_2,139.0,0.0,0.0,0.0199384773135093
Lauren Pomerantz,11,0.7272727272727273,0.09090909090909091,0,False,2004.0,2005.0,1.0,1.0,0.0,0.0,0.0,0.0,0.0,0.0,0.0,0.0,0.0,https://www.imdb.com/name/nm1729395/?ref_=fn_nm_nm_0,20.0,0.0,0.0,0.0034734683414509
Akiva Schaffer,105,0.9809523809523809,0.2857142857142857,0.0761904761904762,False,2005.0,2011.0,6.0,6.0,0.0,0.0,0.0,0.0,0.0,0.0,0.0,0.0,0.0,https://www.imdb.com/name/nm1676223/?ref_=fn_nm_nm_0,116.0,8.0,71.0,0.0233106895667777
Jorma Taccone,116,0.9051724137931034,0.1896551724137931,0.08620689655172414,False,2005.0,2011.0,6.0,6.0,0.0,0.0,0.0,0.0,0.0,0.0,0.0,0.0,0.0,https://www.imdb.com/name/nm1672246/?ref_=fn_nm_nm_0,100.0,22.0,29.0,0.0219963412644776
Bryan H. Tucker,31,0.8709677419354839,0.45161290322580644,0.25806451612903225,True,2005.0,2023.0,18.0,18.0,5.0,0.0,0.0,0.0,0.0,0.0,0.0,0.0,0.0,https://www.imdb.com/name/nm1317704/?ref_=fn_nm_nm_1,327.0,9.0,0.0,0.101346818609059
Marika Sawyer,13,1.0,0.6923076923076923,0.3076923076923077,False,2006.0,2014.0,8.0,8.0,0.0,0.0,0.0,0.0,0.0,0.0,0.0,0.0,0.0,https://www.imdb.com/name/nm2854926/?ref_=fn_nm_nm_0,142.0,2.0,0.0,0.0258709887907529
John Solomon,28,0.9642857142857143,0.7142857142857143,0.25,False,2006.0,2015.0,9.0,9.0,0.0,0.0,0.0,0.0,0.0,0.0,0.0,0.0,0.0,https://www.imdb.com/name/nm1231253/?ref_=fn_nm_nm_0,148.0,7.0,17.0,0.0287530003961688
Rob Klein,18,1.0,0.6666666666666666,0.3333333333333333,False,2007.0,2017.0,10.0,10.0,3.0,0.0,0.0,0.0,0.0,0.0,0.0,0.0,0.0,https://www.imdb.com/name/nm2914092/?ref_=fn_nm_nm_1,182.0,0.0,0.0,0.0775660087157139
Simon Rich,15,1.0,0.3333333333333333,0.06666666666666667,False,2007.0,2011.0,4.0,4.0,0.0,0.0,0.0,0.0,0.0,0.0,0.0,0.0,0.0,https://www.imdb.com/name/nm2919995/?ref_=fn_nm_nm_0,84.0,4.0,0.0,0.0148796345925287
Kent Sublette,11,0.8181818181818182,0.6363636363636364,0.18181818181818182,True,2007.0,2023.0,16.0,16.0,7.0,0.0,0.0,0.0,0.0,0.0,0.0,0.0,0.0,https://www.imdb.com/name/nm1229014/?ref_=fn_nm_nm_1,249.0,3.0,0.0,0.1130241517326559
Jessica Conrad,15,0.6666666666666666,0.2,0,False,2008.0,2012.0,4.0,4.0,0.0,0.0,0.0,0.0,0.0,0.0,0.0,0.0,0.0,https://www.imdb.com/name/nm3165087/?ref_=fn_nm_nm_0,82.0,0.0,0.0,0.0141348372212253
John Mulaney,111,0.8288288288288288,0.1981981981981982,0.13513513513513514,False,2008.0,2012.0,4.0,4.0,0.0,0.0,0.0,0.0,0.0,0.0,0.0,0.0,4.0,https://www.imdb.com/name/nm1825214/?ref_=fn_nm_nm_1,97.0,5.0,32.0,0.0174480902332735
Jillian Bell,100,0.82,0.03,0.01,False,2009.0,2010.0,1.0,1.0,0.0,0.0,0.0,0.0,0.0,0.0,0.0,0.0,0.0,https://www.imdb.com/name/nm3255459/?ref_=fn_nm_nm_0,22.0,1.0,0.0,0.003840390575843
Hannibal Buress,170,0.7058823529411765,0.01764705882352941,0.0058823529411764705,False,2009.0,2010.0,1.0,1.0,0.0,0.0,0.0,0.0,0.0,0.0,0.0,0.0,0.0,https://www.imdb.com/name/nm2868110/?ref_=fn_nm_nm_0,22.0,2.0,0.0,0.0039663489548134
Jessi Klein,26,0.9230769230769231,0.038461538461538464,0,False,2009.0,2010.0,1.0,1.0,0.0,0.0,0.0,0.0,0.0,0.0,0.0,0.0,0.0,https://www.imdb.com/name/nm1585728/?ref_=fn_nm_nm_0,20.0,2.0,0.0,0.0037253850993917
Christine Nangle,27,0.8518518518518519,0.1111111111111111,0.037037037037037035,False,2009.0,2012.0,3.0,3.0,0.0,0.0,0.0,0.0,0.0,0.0,0.0,0.0,0.0,https://www.imdb.com/name/nm3652881/?ref_=fn_nm_nm_1,62.0,2.0,0.0,0.0109132856377152
Michael Patrick O'Brien,0,0,0,0,,,,,,,,,,,,,,,,,,,
Ryan Perez (I),105,0.3238095238095238,0.01904761904761905,0,False,2009.0,2010.0,1.0,1.0,0.0,0.0,0.0,0.0,0.0,0.0,0.0,0.0,0.0,https://www.imdb.com/name/nm1885677/?ref_=fn_al_nm_2,22.0,1.0,0.0,0.003840390575843
Heather Anne Campbell,49,0.5510204081632653,0.02040816326530612,0,False,2010.0,2011.0,1.0,1.0,0.0,0.0,0.0,0.0,0.0,0.0,0.0,0.0,0.0,https://www.imdb.com/name/nm2216111/?ref_=fn_nm_nm_0,22.0,0.0,0.0,0.0037144321968725
Matthew Craig (II),17,0.23529411764705882,0.058823529411764705,0,False,2010.0,2011.0,1.0,1.0,0.0,0.0,0.0,0.0,0.0,0.0,0.0,0.0,0.0,https://www.imdb.com/name/nm2924462/?ref_=fn_nm_nm_1,5.0,0.0,0.0,0.0016662394257882
Tom Flanigan (I),3,0.3333333333333333,0.3333333333333333,0,False,2010.0,2011.0,1.0,1.0,0.0,0.0,0.0,0.0,0.0,0.0,0.0,0.0,0.0,https://www.imdb.com/name/nm2475841/?ref_=fn_nm_nm_1,1.0,0.0,0.0,0.0011843117149448
Shelly Gossman,8,1.0,0.5,0.25,False,2010.0,2012.0,2.0,2.0,0.0,0.0,0.0,0.0,0.0,0.0,0.0,0.0,0.0,https://www.imdb.com/name/nm4586457/?ref_=fn_nm_nm_0,10.0,1.0,0.0,0.0034584372305469
Jonathan Krisel,24,0.7083333333333334,0.20833333333333334,0.16666666666666666,False,2010.0,2011.0,1.0,1.0,0.0,0.0,0.0,0.0,0.0,0.0,0.0,0.0,0.0,https://www.imdb.com/name/nm1730037/?ref_=fn_nm_nm_1,23.0,0.0,9.0,0.0040813544312647
Sarah Schneider,18,0.8333333333333334,0.3888888888888889,0.1111111111111111,False,2010.0,2017.0,7.0,7.0,1.0,0.0,0.0,0.0,0.0,0.0,0.0,0.0,0.0,https://www.imdb.com/name/nm1365351/?ref_=fn_nm_nm_0,75.0,1.0,0.0,0.0380374828964934
Zach Kanin,11,1.0,0.6363636363636364,0.36363636363636365,False,2011.0,2016.0,5.0,5.0,0.0,0.0,0.0,0.0,0.0,0.0,0.0,0.0,0.0,https://www.imdb.com/name/nm2385671/?ref_=fn_nm_nm_1,97.0,0.0,0.0,0.017005895924122
Chris Kelly,35,0.7142857142857143,0.2,0.05714285714285714,False,2011.0,2017.0,6.0,6.0,1.0,0.0,0.0,0.0,0.0,0.0,0.0,0.0,0.0,https://www.imdb.com/name/nm6287571/?ref_=fn_nm_nm_2,88.0,0.0,0.0,0.0419853883619584
Pete Schultz,29,0.8275862068965517,0.41379310344827586,0.20689655172413793,True,2011.0,2023.0,12.0,12.0,0.0,0.0,0.0,0.0,0.0,0.0,0.0,0.0,0.0,https://www.imdb.com/name/nm3965483/?ref_=fn_nm_nm_0,226.0,0.0,8.0,0.0402139311598424
Neil Casey,73,0.7534246575342466,0.0684931506849315,0.0410958904109589,False,2012.0,2013.0,1.0,1.0,0.0,0.0,0.0,0.0,0.0,0.0,0.0,0.0,0.0,https://www.imdb.com/name/nm2654481/?ref_=fn_nm_nm_0,19.0,0.0,0.0,0.00335298641374
Josh Patten,19,0.8421052631578947,0.5263157894736842,0.3684210526315789,True,2012.0,2023.0,11.0,11.0,0.0,0.0,0.0,0.0,0.0,0.0,0.0,0.0,0.0,https://www.imdb.com/name/nm4483652/?ref_=fn_nm_nm_1,192.0,0.0,0.0,0.0348346577800564
Claire Mulaney,6,1.0,0.3333333333333333,0,False,2013.0,2015.0,2.0,2.0,0.0,0.0,0.0,0.0,0.0,0.0,0.0,0.0,0.0,https://www.imdb.com/name/nm6004139/?ref_=fn_nm_nm_1,42.0,0.0,0.0,0.0071879005383235
Katie Rich,23,0.7391304347826086,0.21739130434782608,0.08695652173913043,False,2013.0,2019.0,6.0,6.0,0.0,0.0,0.0,0.0,0.0,0.0,0.0,0.0,0.0,https://www.imdb.com/name/nm5098521/?ref_=fn_nm_nm_0,106.0,1.0,0.0,0.019280021439724
LaKendra Tookes,7,1.0,0.14285714285714285,0,False,2013.0,2014.0,1.0,1.0,0.0,0.0,0.0,0.0,0.0,0.0,0.0,0.0,0.0,https://www.imdb.com/name/nm6228635/?ref_=fn_nm_nm_1,11.0,0.0,0.0,0.0023891309920533
Jeremy Beiler,19,0.8947368421052632,0.2631578947368421,0.15789473684210525,False,2014.0,2017.0,2.0,2.0,0.0,0.0,0.0,0.0,0.0,0.0,0.0,0.0,0.0,https://www.imdb.com/name/nm1501030/?ref_=fn_nm_nm_0,61.0,0.0,0.0,0.0094770571648295
Dave McCary,12,0.8333333333333334,0.6666666666666666,0.16666666666666666,False,2014.0,2018.0,3.0,3.0,0.0,0.0,0.0,0.0,0.0,0.0,0.0,0.0,0.0,https://www.imdb.com/name/nm5050824/?ref_=fn_nm_nm_0,84.0,0.0,22.0,0.0139143809279671
Natasha Rothwell,50,0.7,0.04,0.02,False,2014.0,2015.0,1.0,1.0,0.0,0.0,0.0,0.0,0.0,0.0,0.0,0.0,0.0,https://www.imdb.com/name/nm5625020/?ref_=fn_nm_nm_0,21.0,0.0,0.0,0.0035939502691617
Nicholas Rutherford,38,0.5263157894736842,0.02631578947368421,0,False,2014.0,2015.0,1.0,1.0,0.0,0.0,0.0,0.0,0.0,0.0,0.0,0.0,0.0,https://www.imdb.com/name/nm0751990/?ref_=fn_nm_nm_1,21.0,0.0,0.0,0.0035939502691617
Meredith Scardino,13,0.8461538461538461,0.3076923076923077,0.23076923076923078,False,2014.0,2015.0,1.0,1.0,0.0,0.0,0.0,0.0,0.0,0.0,0.0,0.0,0.0,https://www.imdb.com/name/nm2227704/?ref_=fn_nm_nm_0,9.0,0.0,0.0,0.0021481671366316
Chris Belair,4,1.0,0.75,0.5,False,2015.0,2016.0,1.0,1.0,0.0,0.0,0.0,0.0,0.0,0.0,0.0,0.0,0.0,https://www.imdb.com/name/nm3677049/?ref_=fn_nm_nm_0,21.0,0.0,0.0,0.0035939502691617
Paul Masella,4,1.0,0.75,0.5,False,2015.0,2016.0,1.0,1.0,0.0,0.0,0.0,0.0,0.0,0.0,0.0,0.0,0.0,https://www.imdb.com/name/nm3688724/?ref_=fn_nm_nm_0,21.0,0.0,0.0,0.0035939502691617
Dave Sirus,9,0.7777777777777778,0.2222222222222222,0.1111111111111111,False,2015.0,2016.0,1.0,1.0,0.0,0.0,0.0,0.0,0.0,0.0,0.0,0.0,0.0,https://www.imdb.com/name/nm3461468/?ref_=fn_nm_nm_0,30.0,0.0,0.0,0.0046782876185593
Will Stephen,9,0.7777777777777778,0.2222222222222222,0,True,2015.0,2023.0,8.0,8.0,0.0,0.0,0.0,0.0,0.0,0.0,0.0,0.0,0.0,https://www.imdb.com/name/nm5560794/?ref_=fn_nm_nm_0,142.0,0.0,0.0,0.0256190720328121
Kristen Bartlett,10,0.7,0.2,0,False,2016.0,2018.0,2.0,2.0,0.0,0.0,0.0,0.0,0.0,0.0,0.0,0.0,0.0,https://www.imdb.com/name/nm4434455/?ref_=fn_nm_nm_1,27.0,0.0,0.0,0.0053806716226608
Zack Bornstein,20,0.6,0.15,0.05,False,2016.0,2017.0,1.0,1.0,0.0,0.0,0.0,0.0,0.0,0.0,0.0,0.0,0.0,https://www.imdb.com/name/nm4956526/?ref_=fn_nm_nm_1,21.0,0.0,0.0,0.0035939502691617
Joanna Bradley,9,0.7777777777777778,0.2222222222222222,0,False,2016.0,2017.0,1.0,1.0,0.0,0.0,0.0,0.0,0.0,0.0,0.0,0.0,0.0,https://www.imdb.com/name/nm5400395/?ref_=fn_nm_nm_0,21.0,0.0,0.0,0.0035939502691617
Anna Drezen,21,0.6666666666666666,0.14285714285714285,0.047619047619047616,True,2016.0,2022.0,6.0,6.0,2.0,0.0,0.0,0.0,0.0,0.0,0.0,0.0,0.0,https://www.imdb.com/name/nm4871432/?ref_=fn_nm_nm_0,116.0,0.0,0.0,0.070358882337862
Nick Kocher,16,1.0,0.125,0,False,2016.0,2018.0,2.0,2.0,0.0,0.0,0.0,0.0,0.0,0.0,0.0,0.0,0.0,https://www.imdb.com/name/nm3304457/?ref_=fn_nm_nm_1,27.0,0.0,0.0,0.0053806716226608
Michael Koman,8,0.625,0.25,0,False,2016.0,2019.0,3.0,3.0,0.0,0.0,0.0,0.0,0.0,0.0,0.0,0.0,0.0,https://www.imdb.com/name/nm0464523/?ref_=fn_nm_nm_0,52.0,0.0,0.0,0.0094565496026659
Michael Koman,8,0.625,0.25,0,False,2016.0,2019.0,3.0,3.0,0.0,0.0,0.0,0.0,0.0,0.0,0.0,0.0,0.0,https://www.imdb.com/name/nm0464523/?ref_=fn_nm_nm_0,52.0,0.0,0.0,0.0094565496026659
Brian McElhaney,15,0.8,0.13333333333333333,0,False,2016.0,2018.0,2.0,2.0,0.0,0.0,0.0,0.0,0.0,0.0,0.0,0.0,0.0,https://www.imdb.com/name/nm3537795/?ref_=fn_nm_nm_1,27.0,0.0,0.0,0.0053806716226608
Drew Michael,8,0.625,0.25,0,False,2016.0,2018.0,2.0,2.0,0.0,0.0,0.0,0.0,0.0,0.0,0.0,0.0,0.0,https://www.imdb.com/name/nm6569383/?ref_=fn_nm_nm_1,21.0,0.0,0.0,0.0046577800563957
Julio Torres,32,0.90625,0.1875,0.125,False,2016.0,2019.0,3.0,3.0,0.0,0.0,0.0,0.0,0.0,0.0,0.0,0.0,0.0,https://www.imdb.com/name/nm7088580/?ref_=fn_nm_nm_1,61.0,0.0,0.0,0.0105408869520635
Steven Castillo,7,0.8571428571428571,0.14285714285714285,0,True,2017.0,2022.0,5.0,5.0,0.0,0.0,0.0,0.0,0.0,0.0,0.0,0.0,0.0,https://www.imdb.com/name/nm9163311/?ref_=fn_nm_nm_1,89.0,0.0,0.0,0.0160420405024352
Claire Friedman,5,1.0,0.2,0,False,2017.0,2018.0,1.0,1.0,0.0,0.0,0.0,0.0,0.0,0.0,0.0,0.0,0.0,https://www.imdb.com/name/nm8077083/?ref_=fn_nm_nm_1,21.0,0.0,0.0,0.0035939502691617
Fran Gillespie,27,0.6296296296296297,0.14814814814814814,0.07407407407407407,True,2015.0,2021.0,6.0,6.0,0.0,0.0,0.0,0.0,0.0,0.0,0.0,0.0,0.0,https://www.imdb.com/name/nm5246001/?ref_=fn_nm_nm_0,123.0,0.0,0.0,0.0212022558318379
Sudi Green,30,0.5,0.26666666666666666,0.2,True,2015.0,2021.0,6.0,6.0,0.0,0.0,0.0,0.0,0.0,0.0,0.0,0.0,0.0,https://www.imdb.com/name/nm6003622/?ref_=fn_nm_nm_0,124.0,0.0,0.0,0.0213227377595488
Sam Jay,56,0.6964285714285714,0.10714285714285714,0.08928571428571429,True,2017.0,2021.0,4.0,4.0,0.0,0.0,0.0,0.0,0.0,0.0,0.0,0.0,0.0,https://www.imdb.com/name/nm7615637/?ref_=fn_nm_nm_1,70.0,1.0,0.0,0.0128150124676656
Erik Marino,2,1.0,0.5,0,False,2017.0,2018.0,1.0,1.0,0.0,0.0,0.0,0.0,0.0,0.0,0.0,0.0,0.0,https://www.imdb.com/name/nm0547765/?ref_=fn_nm_nm_0,21.0,0.0,0.0,0.0035939502691617
Nimesh Patel,11,0.6363636363636364,0.09090909090909091,0,False,2017.0,2018.0,1.0,1.0,0.0,0.0,0.0,0.0,0.0,0.0,0.0,0.0,0.0,https://www.imdb.com/name/nm7964342/?ref_=fn_nm_nm_0,21.0,0.0,0.0,0.0035939502691617
Gary Richardson,33,0.5454545454545454,0.09090909090909091,0.06060606060606061,False,2017.0,2021.0,4.0,4.0,0.0,0.0,0.0,0.0,0.0,0.0,0.0,0.0,0.0,https://www.imdb.com/name/nm6324751/?ref_=fn_nm_nm_0,79.0,2.0,0.0,0.0140253081960336
Streeter Seidell,14,0.8571428571428571,0.42857142857142855,0.2857142857142857,True,2014.0,2023.0,7.0,7.0,2.0,0.0,0.0,0.0,0.0,0.0,0.0,0.0,0.0,https://www.imdb.com/name/nm3289293/?ref_=fn_nm_nm_0,163.0,2.0,0.0,0.0701944223425894
Megan Callahan-Shah,5,1.0,0.8,0.4,True,2015.0,2021.0,6.0,6.0,0.0,0.0,0.0,0.0,0.0,0.0,0.0,0.0,0.0,https://www.imdb.com/name/nm4916386/?ref_=fn_nm_nm_1,146.0,0.0,0.0,0.0239733401691873
Alison Gates,2,1.0,0.5,0,False,2018.0,2021.0,3.0,3.0,0.0,0.0,0.0,0.0,0.0,0.0,0.0,0.0,0.0,https://www.imdb.com/name/nm10384188/?ref_=fn_nm_nm_0,80.0,2.0,0.0,0.0130819603365104
Alan Linic,2,0.5,0.5,0,False,2018.0,2019.0,1.0,1.0,0.0,0.0,0.0,0.0,0.0,0.0,0.0,0.0,0.0,https://www.imdb.com/name/nm7860442/?ref_=fn_nm_nm_1,21.0,0.0,0.0,0.0035939502691617
Eli Coyote Mandel,4,0.75,0.25,0,False,2018.0,2019.0,1.0,1.0,0.0,0.0,0.0,0.0,0.0,0.0,0.0,0.0,0.0,https://www.imdb.com/name/nm8881698/?ref_=fn_nm_nm_1,21.0,0.0,0.0,0.0035939502691617
Dan Bulla,3,1.0,0.6666666666666666,0.3333333333333333,False,2019.0,2021.0,2.0,2.0,0.0,0.0,0.0,0.0,0.0,0.0,0.0,0.0,0.0,https://www.imdb.com/name/nm4674057/?ref_=fn_nm_nm_0,60.0,0.0,0.0,0.0093565752371186
Emma Clark,1,1.0,1.0,0,False,2019.0,2021.0,2.0,2.0,0.0,0.0,0.0,0.0,0.0,0.0,0.0,0.0,0.0,https://www.imdb.com/name/nm8485344/?ref_=fn_nm_nm_0,27.0,0.0,0.0,0.0053806716226608
Dan Licata,3,1.0,0.3333333333333333,0,False,2019.0,2021.0,2.0,2.0,0.0,0.0,0.0,0.0,0.0,0.0,0.0,0.0,0.0,https://www.imdb.com/name/nm3915994/?ref_=fn_nm_nm_1,39.0,0.0,0.0,0.0068264547551909
Jasmine Pierce,4,1.0,0.25,0,False,2019.0,2023.0,4.0,4.0,0.0,0.0,0.0,0.0,0.0,0.0,0.0,0.0,0.0,https://www.imdb.com/name/nm5276392/?ref_=fn_nm_nm_1,47.0,0.0,0.0,0.0099179697513458
Mark Steinbach,1,1.0,1.0,0,True,2019.0,2023.0,4.0,4.0,0.0,0.0,0.0,0.0,0.0,0.0,0.0,0.0,0.0,https://www.imdb.com/name/nm9184163/?ref_=fn_nm_nm_1,58.0,0.0,0.0,0.011243270956165
Celeste Yim,1,1.0,1.0,0,True,2020.0,2023.0,3.0,3.0,0.0,0.0,0.0,0.0,0.0,0.0,0.0,0.0,0.0,https://www.imdb.com/name/nm11940589/?ref_=fn_nm_nm_0,41.0,0.0,0.0,0.0081312483978467
Sarah Sherman,10,0.3,0.1,0,True,2021.0,2023.0,2.0,2.0,0.0,2.0,0.0,2.0,0.0,0.0,0.0,0.0,0.0,https://www.imdb.com/name/nm7567645/?ref_=fn_nm_nm_1,0.0,17.0,4.0,0.089378481042157
James Austin Johnson,14,0.9285714285714286,0.07142857142857142,0,True,2021.0,2023.0,2.0,2.0,0.0,2.0,0.0,2.0,0.0,0.0,0.0,0.0,0.0,https://www.imdb.com/name/nm4562498/?ref_=fn_nm_nm_0,0.0,19.0,2.0,0.089575633287502
Aristotle Athari,5,0.4,0.2,0,False,2021.0,2022.0,1.0,0.0,0.0,1.0,0.0,1.0,0.0,0.0,0.0,0.0,0.0,https://www.imdb.com/name/nm2776607/?ref_=fn_nm_nm_0,0.0,19.0,2.0,0.088511803500268
Mike DiCenzo,5,0.6,0.6,0.4,True,2021.0,2023.0,2.0,2.0,0.0,0.0,0.0,0.0,0.0,0.0,0.0,0.0,0.0,https://www.imdb.com/name/nm3355350/?ref_=fn_nm_nm_1,21.0,0.0,0.0,0.0046577800563957
Billy Domineau,1,1.0,1.0,0,True,2021.0,2023.0,2.0,2.0,0.0,0.0,0.0,0.0,0.0,0.0,0.0,0.0,0.0,https://www.imdb.com/name/nm2401797/?ref_=fn_nm_nm_0,21.0,0.0,0.0,0.0046577800563957
Alex English (X) ,0,0,0,0,,,,,,,,,,,,,,,,,,,
Martin Herlihy,5,0.8,0.4,0.2,True,2021.0,2023.0,2.0,2.0,0.0,0.0,0.0,0.0,0.0,0.0,0.0,0.0,0.0,https://www.imdb.com/name/nm11958939/?ref_=fn_nm_nm_0,21.0,4.0,4.0,0.0052711425974691
John Higgins (XV),4,1.0,0.5,0.25,True,2021.0,2023.0,2.0,2.0,0.0,0.0,0.0,0.0,0.0,0.0,0.0,0.0,0.0,https://www.imdb.com/name/nm3769182/?ref_=fn_al_nm_3,20.0,4.0,4.0,0.0051506606697583
Vanessa Jackson (IX),0,0,0,0,,,,,,,,,,,,,,,,,,,
Tesha Kondrat (II),2,0.5,0.5,0,True,2021.0,2023.0,2.0,2.0,0.0,0.0,0.0,0.0,0.0,0.0,0.0,0.0,0.0,https://www.imdb.com/name/nm4871773/?ref_=fn_al_nm_0,21.0,0.0,0.0,0.0046577800563957
Ben Marshall (IV),4,1.0,0.5,0.25,True,2021.0,2023.0,2.0,2.0,0.0,0.0,0.0,0.0,0.0,0.0,0.0,0.0,0.0,https://www.imdb.com/name/nm2951652/?ref_=fn_nm_nm_1,21.0,4.0,4.0,0.0052711425974691
Jake Nordwind,2,0.5,0.5,0,True,2021.0,2023.0,2.0,2.0,0.0,0.0,0.0,0.0,0.0,0.0,0.0,0.0,0.0,https://www.imdb.com/name/nm4053310/?ref_=fn_nm_nm_0,21.0,0.0,0.0,0.0046577800563957
Ben Silva (V),1,1.0,1.0,0,True,2021.0,2023.0,2.0,2.0,0.0,0.0,0.0,0.0,0.0,0.0,0.0,0.0,0.0,https://www.imdb.com/name/nm11131504/?ref_=fn_nm_nm_1,21.0,0.0,0.0,0.0046577800563957
,0,0,0,0,,,,,,,,,,,,,,,,,,,
,0,0,0,0,,,,,,,,,,,,,,,,,,,
,0,0,0,0,,,,,,,,,,,,,,,,,,,
,0,0,0,0,,,,,,,,,,,,,,,,,,,
,0,0,0,0,,,,,,,,,,,,,,,,,,,
,0,0,0,0,,,,,,,,,,,,,,,,,,,
,0,0,0,0,,,,,,,,,,,,,,,,,,,
,0,0,0,0,,,,,,,,,,,,,,,,,,,
,0,0,0,0,,,,,,,,,,,,,,,,,,,
,0,0,0,0,,,,,,,,,,,,,,,,,,,
,0,0,0,0,,,,,,,,,,,,,,,,,,,
,0,0,0,0,,,,,,,,,,,,,,,,,,,
,0,0,0,0,,,,,,,,,,,,,,,,,,,
,0,0,0,0,,,,,,,,,,,,,,,,,,,
,0,0,0,0,,,,,,,,,,,,,,,,,,,
,0,0,0,0,,,,,,,,,,,,,,,,,,,
,0,0,0,0,,,,,,,,,,,,,,,,,,,
,0,0,0,0,,,,,,,,,,,,,,,,,,,
,0,0,0,0,,,,,,,,,,,,,,,,,,,
,0,0,0,0,,,,,,,,,,,,,,,,,,,
,0,0,0,0,,,,,,,,,,,,,,,,,,,
,0,0,0,0,,,,,,,,,,,,,,,,,,,
,0,0,0,0,,,,,,,,,,,,,,,,,,,
,0,0,0,0,,,,,,,,,,,,,,,,,,,
,0,0,0,0,,,,,,,,,,,,,,,,,,,
,0,0,0,0,,,,,,,,,,,,,,,,,,,
,0,0,0,0,,,,,,,,,,,,,,,,,,,
,0,0,0,0,,,,,,,,,,,,,,,,,,,
,0,0,0,0,,,,,,,,,,,,,,,,,,,
,0,0,0,0,,,,,,,,,,,,,,,,,,,
,0,0,0,0,,,,,,,,,,,,,,,,,,,
,0,0,0,0,,,,,,,,,,,,,,,,,,,
,0,0,0,0,,,,,,,,,,,,,,,,,,,
,0,0,0,0,,,,,,,,,,,,,,,,,,,
,0,0,0,0,,,,,,,,,,,,,,,,,,,
,0,0,0,0,,,,,,,,,,,,,,,,,,,
,0,0,0,0,,,,,,,,,,,,,,,,,,,
,0,0,0,0,,,,,,,,,,,,,,,,,,,
,0,0,0,0,,,,,,,,,,,,,,,,,,,
,0,0,0,0,,,,,,,,,,,,,,,,,,,
,0,0,0,0,,,,,,,,,,,,,,,,,,,
,0,0,0,0,,,,,,,,,,,,,,,,,,,
,0,0,0,0,,,,,,,,,,,,,,,,,,,
,0,0,0,0,,,,,,,,,,,,,,,,,,,
,0,0,0,0,,,,,,,,,,,,,,,,,,,
,0,0,0,0,,,,,,,,,,,,,,,,,,,
,0,0,0,0,,,,,,,,,,,,,,,,,,,
,0,0,0,0,,,,,,,,,,,,,,,,,,,
,0,0,0,0,,,,,,,,,,,,,,,,,,,
,0,0,0,0,,,,,,,,,,,,,,,,,,,
,0,0,0,0,,,,,,,,,,,,,,,,,,,
,0,0,0,0,,,,,,,,,,,,,,,,,,,
,0,0,0,0,,,,,,,,,,,,,,,,,,,
,0,0,0,0,,,,,,,,,,,,,,,,,,,
,0,0,0,0,,,,,,,,,,,,,,,,,,,
,0,0,0,0,,,,,,,,,,,,,,,,,,,
,0,0,0,0,,,,,,,,,,,,,,,,,,,
,0,0,0,0,,,,,,,,,,,,,,,,,,,
,0,0,0,0,,,,,,,,,,,,,,,,,,,
,0,0,0,0,,,,,,,,,,,,,,,,,,,
,0,0,0,0,,,,,,,,,,,,,,,,,,,
,0,0,0,0,,,,,,,,,,,,,,,,,,,
,0,0,0,0,,,,,,,,,,,,,,,,,,,
,0,0,0,0,,,,,,,,,,,,,,,,,,,
,0,0,0,0,,,,,,,,,,,,,,,,,,,
,0,0,0,0,,,,,,,,,,,,,,,,,,,
,0,0,0,0,,,,,,,,,,,,,,,,,,,
,0,0,0,0,,,,,,,,,,,,,,,,,,,
,0,0,0,0,,,,,,,,,,,,,,,,,,,
,0,0,0,0,,,,,,,,,,,,,,,,,,,
,0,0,0,0,,,,,,,,,,,,,,,,,,,
,0,0,0,0,,,,,,,,,,,,,,,,,,,
,0,0,0,0,,,,,,,,,,,,,,,,,,,
,0,0,0,0,,,,,,,,,,,,,,,,,,,
,0,0,0,0,,,,,,,,,,,,,,,,,,,
,0,0,0,0,,,,,,,,,,,,,,,,,,,
,0,0,0,0,,,,,,,,,,,,,,,,,,,
,0,0,0,0,,,,,,,,,,,,,,,,,,,
,0,0,0,0,,,,,,,,,,,,,,,,,,,
,0,0,0,0,,,,,,,,,,,,,,,,,,,
,0,0,0,0,,,,,,,,,,,,,,,,,,,
,0,0,0,0,,,,,,,,,,,,,,,,,,,
,0,0,0,0,,,,,,,,,,,,,,,,,,,
,0,0,0,0,,,,,,,,,,,,,,,,,,,
,0,0,0,0,,,,,,,,,,,,,,,,,,,
,0,0,0,0,,,,,,,,,,,,,,,,,,,
,0,0,0,0,,,,,,,,,,,,,,,,,,,
,0,0,0,0,,,,,,,,,,,,,,,,,,,
,0,0,0,0,,,,,,,,,,,,,,,,,,,
,0,0,0,0,,,,,,,,,,,,,,,,,,,
,0,0,0,0,,,,,,,,,,,,,,,,,,,
,0,0,0,0,,,,,,,,,,,,,,,,,,,
,0,0,0,0,,,,,,,,,,,,,,,,,,,
,0,0,0,0,,,,,,,,,,,,,,,,,,,
,0,0,0,0,,,,,,,,,,,,,,,,,,,
,0,0,0,0,,,,,,,,,,,,,,,,,,,
,0,0,0,0,,,,,,,,,,,,,,,,,,,
,0,0,0,0,,,,,,,,,,,,,,,,,,,
,0,0,0,0,,,,,,,,,,,,,,,,,,,
,0,0,0,0,,,,,,,,,,,,,,,,,,,
,0,0,0,0,,,,,,,,,,,,,,,,,,,
,0,0,0,0,,,,,,,,,,,,,,,,,,,
,0,0,0,0,,,,,,,,,,,,,,,,,,,
,0,0,0,0,,,,,,,,,,,,,,,,,,,
,0,0,0,0,,,,,,,,,,,,,,,,,,,
,0,0,0,0,,,,,,,,,,,,,,,,,,,
,0,0,0,0,,,,,,,,,,,,,,,,,,,
,0,0,0,0,,,,,,,,,,,,,,,,,,,
,0,0,0,0,,,,,,,,,,,,,,,,,,,
,0,0,0,0,,,,,,,,,,,,,,,,,,,
,0,0,0,0,,,,,,,,,,,,,,,,,,,
,0,0,0,0,,,,,,,,,,,,,,,,,,,
,0,0,0,0,,,,,,,,,,,,,,,,,,,
,0,0,0,0,,,,,,,,,,,,,,,,,,,
,0,0,0,0,,,,,,,,,,,,,,,,,,,
,0,0,0,0,,,,,,,,,,,,,,,,,,,
,0,0,0,0,,,,,,,,,,,,,,,,,,,
,0,0,0,0,,,,,,,,,,,,,,,,,,,
,0,0,0,0,,,,,,,,,,,,,,,,,,,
,0,0,0,0,,,,,,,,,,,,,,,,,,,
,0,0,0,0,,,,,,,,,,,,,,,,,,,
,0,0,0,0,,,,,,,,,,,,,,,,,,,
,0,0,0,0,,,,,,,,,,,,,,,,,,,
,0,0,0,0,,,,,,,,,,,,,,,,,,,
,0,0,0,0,,,,,,,,,,,,,,,,,,,
,0,0,0,0,,,,,,,,,,,,,,,,,,,
,0,0,0,0,,,,,,,,,,,,,,,,,,,
,0,0,0,0,,,,,,,,,,,,,,,,,,,
,0,0,0,0,,,,,,,,,,,,,,,,,,,
,0,0,0,0,,,,,,,,,,,,,,,,,,,
,0,0,0,0,,,,,,,,,,,,,,,,,,,
,0,0,0,0,,,,,,,,,,,,,,,,,,,
,0,0,0,0,,,,,,,,,,,,,,,,,,,
,0,0,0,0,,,,,,,,,,,,,,,,,,,
,0,0,0,0,,,,,,,,,,,,,,,,,,,
,0,0,0,0,,,,,,,,,,,,,,,,,,,
,0,0,0,0,,,,,,,,,,,,,,,,,,,
,0,0,0,0,,,,,,,,,,,,,,,,,,,
,0,0,0,0,,,,,,,,,,,,,,,,,,,
,0,0,0,0,,,,,,,,,,,,,,,,,,,
,0,0,0,0,,,,,,,,,,,,,,,,,,,
,0,0,0,0,,,,,,,,,,,,,,,,,,,
,0,0,0,0,,,,,,,,,,,,,,,,,,,
,0,0,0,0,,,,,,,,,,,,,,,,,,,
,0,0,0,0,,,,,,,,,,,,,,,,,,,
,0,0,0,0,,,,,,,,,,,,,,,,,,,
,0,0,0,0,,,,,,,,,,,,,,,,,,,
,0,0,0,0,,,,,,,,,,,,,,,,,,,
,0,0,0,0,,,,,,,,,,,,,,,,,,,
,0,0,0,0,,,,,,,,,,,,,,,,,,,
,0,0,0,0,,,,,,,,,,,,,,,,,,,
,0,0,0,0,,,,,,,,,,,,,,,,,,,
,0,0,0,0,,,,,,,,,,,,,,,,,,,
,0,0,0,0,,,,,,,,,,,,,,,,,,,
,0,0,0,0,,,,,,,,,,,,,,,,,,,
,0,0,0,0,,,,,,,,,,,,,,,,,,,
,0,0,0,0,,,,,,,,,,,,,,,,,,,
,0,0,0,0,,,,,,,,,,,,,,,,,,,
,0,0,0,0,,,,,,,,,,,,,,,,,,,
,0,0,0,0,,,,,,,,,,,,,,,,,,,
,0,0,0,0,,,,,,,,,,,,,,,,,,,
,0,0,0,0,,,,,,,,,,,,,,,,,,,
,0,0,0,0,,,,,,,,,,,,,,,,,,,
,0,0,0,0,,,,,,,,,,,,,,,,,,,
,0,0,0,0,,,,,,,,,,,,,,,,,,,
,0,0,0,0,,,,,,,,,,,,,,,,,,,
,0,0,0,0,,,,,,,,,,,,,,,,,,,
,0,0,0,0,,,,,,,,,,,,,,,,,,,
,0,0,0,0,,,,,,,,,,,,,,,,,,,
,0,0,0,0,,,,,,,,,,,,,,,,,,,
,0,0,0,0,,,,,,,,,,,,,,,,,,,
,0,0,0,0,,,,,,,,,,,,,,,,,,,
,0,0,0,0,,,,,,,,,,,,,,,,,,,
,0,0,0,0,,,,,,,,,,,,,,,,,,,
,0,0,0,0,,,,,,,,,,,,,,,,,,,
,0,0,0,0,,,,,,,,,,,,,,,,,,,
,0,0,0,0,,,,,,,,,,,,,,,,,,,
,0,0,0,0,,,,,,,,,,,,,,,,,,,
,0,0,0,0,,,,,,,,,,,,,,,,,,,
,0,0,0,0,,,,,,,,,,,,,,,,,,,
,0,0,0,0,,,,,,,,,,,,,,,,,,,
,0,0,0,0,,,,,,,,,,,,,,,,,,,
,0,0,0,0,,,,,,,,,,,,,,,,,,,
,0,0,0,0,,,,,,,,,,,,,,,,,,,
,0,0,0,0,,,,,,,,,,,,,,,,,,,
,0,0,0,0,,,,,,,,,,,,,,,,,,,
,0,0,0,0,,,,,,,,,,,,,,,,,,,
,0,0,0,0,,,,,,,,,,,,,,,,,,,
,0,0,0,0,,,,,,,,,,,,,,,,,,,
,0,0,0,0,,,,,,,,,,,,,,,,,,,
,0,0,0,0,,,,,,,,,,,,,,,,,,,
,0,0,0,0,,,,,,,,,,,,,,,,,,,
,0,0,0,0,,,,,,,,,,,,,,,,,,,
,0,0,0,0,,,,,,,,,,,,,,,,,,,
,0,0,0,0,,,,,,,,,,,,,,,,,,,
,0,0,0,0,,,,,,,,,,,,,,,,,,,
,0,0,0,0,,,,,,,,,,,,,,,,,,,
,0,0,0,0,,,,,,,,,,,,,,,,,,,
,0,0,0,0,,,,,,,,,,,,,,,,,,,
,0,0,0,0,,,,,,,,,,,,,,,,,,,
,0,0,0,0,,,,,,,,,,,,,,,,,,,
,0,0,0,0,,,,,,,,,,,,,,,,,,,
,0,0,0,0,,,,,,,,,,,,,,,,,,,
,0,0,0,0,,,,,,,,,,,,,,,,,,,
,0,0,0,0,,,,,,,,,,,,,,,,,,,
,0,0,0,0,,,,,,,,,,,,,,,,,,,
,0,0,0,0,,,,,,,,,,,,,,,,,,,
,0,0,0,0,,,,,,,,,,,,,,,,,,,
,0,0,0,0,,,,,,,,,,,,,,,,,,,
,0,0,0,0,,,,,,,,,,,,,,,,,,,
,0,0,0,0,,,,,,,,,,,,,,,,,,,
,0,0,0,0,,,,,,,,,,,,,,,,,,,
,0,0,0,0,,,,,,,,,,,,,,,,,,,
,0,0,0,0,,,,,,,,,,,,,,,,,,,
,0,0,0,0,,,,,,,,,,,,,,,,,,,
,0,0,0,0,,,,,,,,,,,,,,,,,,,
,0,0,0,0,,,,,,,,,,,,,,,,,,,
,0,0,0,0,,,,,,,,,,,,,,,,,,,
,0,0,0,0,,,,,,,,,,,,,,,,,,,
,0,0,0,0,,,,,,,,,,,,,,,,,,,
,0,0,0,0,,,,,,,,,,,,,,,,,,,
,0,0,0,0,,,,,,,,,,,,,,,,,,,
,0,0,0,0,,,,,,,,,,,,,,,,,,,
,0,0,0,0,,,,,,,,,,,,,,,,,,,
,0,0,0,0,,,,,,,,,,,,,,,,,,,
,0,0,0,0,,,,,,,,,,,,,,,,,,,
,0,0,0,0,,,,,,,,,,,,,,,,,,,
,0,0,0,0,,,,,,,,,,,,,,,,,,,
,0,0,0,0,,,,,,,,,,,,,,,,,,,
,0,0,0,0,,,,,,,,,,,,,,,,,,,
,0,0,0,0,,,,,,,,,,,,,,,,,,,
,0,0,0,0,,,,,,,,,,,,,,,,,,,
,0,0,0,0,,,,,,,,,,,,,,,,,,,
,0,0,0,0,,,,,,,,,,,,,,,,,,,
,0,0,0,0,,,,,,,,,,,,,,,,,,,
,0,0,0,0,,,,,,,,,,,,,,,,,,,
,0,0,0,0,,,,,,,,,,,,,,,,,,,
,0,0,0,0,,,,,,,,,,,,,,,,,,,
,0,0,0,0,,,,,,,,,,,,,,,,,,,
,0,0,0,0,,,,,,,,,,,,,,,,,,,
,0,0,0,0,,,,,,,,,,,,,,,,,,,
,0,0,0,0,,,,,,,,,,,,,,,,,,,
,0,0,0,0,,,,,,,,,,,,,,,,,,,
,0,0,0,0,,,,,,,,,,,,,,,,,,,
,0,0,0,0,,,,,,,,,,,,,,,,,,,
,0,0,0,0,,,,,,,,,,,,,,,,,,,
,0,0,0,0,,,,,,,,,,,,,,,,,,,
,0,0,0,0,,,,,,,,,,,,,,,,,,,
,0,0,0,0,,,,,,,,,,,,,,,,,,,
,0,0,0,0,,,,,,,,,,,,,,,,,,,
,0,0,0,0,,,,,,,,,,,,,,,,,,,
,0,0,0,0,,,,,,,,,,,,,,,,,,,
,0,0,0,0,,,,,,,,,,,,,,,,,,,
,0,0,0,0,,,,,,,,,,,,,,,,,,,
,0,0,0,0,,,,,,,,,,,,,,,,,,,
,0,0,0,0,,,,,,,,,,,,,,,,,,,
,0,0,0,0,,,,,,,,,,,,,,,,,,,
,0,0,0,0,,,,,,,,,,,,,,,,,,,
,0,0,0,0,,,,,,,,,,,,,,,,,,,
,0,0,0,0,,,,,,,,,,,,,,,,,,,
,0,0,0,0,,,,,,,,,,,,,,,,,,,
,0,0,0,0,,,,,,,,,,,,,,,,,,,
,0,0,0,0,,,,,,,,,,,,,,,,,,,
,0,0,0,0,,,,,,,,,,,,,,,,,,,
,0,0,0,0,,,,,,,,,,,,,,,,,,,
,0,0,0,0,,,,,,,,,,,,,,,,,,,
,0,0,0,0,,,,,,,,,,,,,,,,,,,
,0,0,0,0,,,,,,,,,,,,,,,,,,,
,0,0,0,0,,,,,,,,,,,,,,,,,,,
,0,0,0,0,,,,,,,,,,,,,,,,,,,
,0,0,0,0,,,,,,,,,,,,,,,,,,,
,0,0,0,0,,,,,,,,,,,,,,,,,,,
,0,0,0,0,,,,,,,,,,,,,,,,,,,
,0,0,0,0,,,,,,,,,,,,,,,,,,,
,0,0,0,0,,,,,,,,,,,,,,,,,,,
,0,0,0,0,,,,,,,,,,,,,,,,,,,
,0,0,0,0,,,,,,,,,,,,,,,,,,,
,0,0,0,0,,,,,,,,,,,,,,,,,,,
,0,0,0,0,,,,,,,,,,,,,,,,,,,
,0,0,0,0,,,,,,,,,,,,,,,,,,,
,0,0,0,0,,,,,,,,,,,,,,,,,,,
,0,0,0,0,,,,,,,,,,,,,,,,,,,
,0,0,0,0,,,,,,,,,,,,,,,,,,,
,0,0,0,0,,,,,,,,,,,,,,,,,,,
,0,0,0,0,,,,,,,,,,,,,,,,,,,
,0,0,0,0,,,,,,,,,,,,,,,,,,,
,0,0,0,0,,,,,,,,,,,,,,,,,,,
,0,0,0,0,,,,,,,,,,,,,,,,,,,
,0,0,0,0,,,,,,,,,,,,,,,,,,,
,0,0,0,0,,,,,,,,,,,,,,,,,,,
,0,0,0,0,,,,,,,,,,,,,,,,,,,
,0,0,0,0,,,,,,,,,,,,,,,,,,,
,0,0,0,0,,,,,,,,,,,,,,,,,,,
,0,0,0,0,,,,,,,,,,,,,,,,,,,
,0,0,0,0,,,,,,,,,,,,,,,,,,,
,0,0,0,0,,,,,,,,,,,,,,,,,,,
,0,0,0,0,,,,,,,,,,,,,,,,,,,
,0,0,0,0,,,,,,,,,,,,,,,,,,,
,0,0,0,0,,,,,,,,,,,,,,,,,,,
,0,0,0,0,,,,,,,,,,,,,,,,,,,
,0,0,0,0,,,,,,,,,,,,,,,,,,,
,0,0,0,0,,,,,,,,,,,,,,,,,,,
,0,0,0,0,,,,,,,,,,,,,,,,,,,
,0,0,0,0,,,,,,,,,,,,,,,,,,,
,0,0,0,0,,,,,,,,,,,,,,,,,,,
,0,0,0,0,,,,,,,,,,,,,,,,,,,
,0,0,0,0,,,,,,,,,,,,,,,,,,,
,0,0,0,0,,,,,,,,,,,,,,,,,,,
,0,0,0,0,,,,,,,,,,,,,,,,,,,
,0,0,0,0,,,,,,,,,,,,,,,,,,,
,0,0,0,0,,,,,,,,,,,,,,,,,,,
,0,0,0,0,,,,,,,,,,,,,,,,,,,
,0,0,0,0,,,,,,,,,,,,,,,,,,,
,0,0,0,0,,,,,,,,,,,,,,,,,,,
,0,0,0,0,,,,,,,,,,,,,,,,,,,
,0,0,0,0,,,,,,,,,,,,,,,,,,,
,0,0,0,0,,,,,,,,,,,,,,,,,,,
,0,0,0,0,,,,,,,,,,,,,,,,,,,
,0,0,0,0,,,,,,,,,,,,,,,,,,,
,0,0,0,0,,,,,,,,,,,,,,,,,,,
,0,0,0,0,,,,,,,,,,,,,,,,,,,
,0,0,0,0,,,,,,,,,,,,,,,,,,,
,0,0,0,0,,,,,,,,,,,,,,,,,,,
,0,0,0,0,,,,,,,,,,,,,,,,,,,
,0,0,0,0,,,,,,,,,,,,,,,,,,,
,0,0,0,0,,,,,,,,,,,,,,,,,,,
,0,0,0,0,,,,,,,,,,,,,,,,,,,
,0,0,0,0,,,,,,,,,,,,,,,,,,,
,0,0,0,0,,,,,,,,,,,,,,,,,,,
,0,0,0,0,,,,,,,,,,,,,,,,,,,
,0,0,0,0,,,,,,,,,,,,,,,,,,,
,0,0,0,0,,,,,,,,,,,,,,,,,,,
,0,0,0,0,,,,,,,,,,,,,,,,,,,
,0,0,0,0,,,,,,,,,,,,,,,,,,,
,0,0,0,0,,,,,,,,,,,,,,,,,,,
,0,0,0,0,,,,,,,,,,,,,,,,,,,
,0,0,0,0,,,,,,,,,,,,,,,,,,,
,0,0,0,0,,,,,,,,,,,,,,,,,,,
,0,0,0,0,,,,,,,,,,,,,,,,,,,
,0,0,0,0,,,,,,,,,,,,,,,,,,,
,0,0,0,0,,,,,,,,,,,,,,,,,,,
,0,0,0,0,,,,,,,,,,,,,,,,,,,
,0,0,0,0,,,,,,,,,,,,,,,,,,,
,0,0,0,0,,,,,,,,,,,,,,,,,,,
,0,0,0,0,,,,,,,,,,,,,,,,,,,
,0,0,0,0,,,,,,,,,,,,,,,,,,,
,0,0,0,0,,,,,,,,,,,,,,,,,,,
,0,0,0,0,,,,,,,,,,,,,,,,,,,
,0,0,0,0,,,,,,,,,,,,,,,,,,,
,0,0,0,0,,,,,,,,,,,,,,,,,,,
,0,0,0,0,,,,,,,,,,,,,,,,,,,
,0,0,0,0,,,,,,,,,,,,,,,,,,,
,0,0,0,0,,,,,,,,,,,,,,,,,,,
,0,0,0,0,,,,,,,,,,,,,,,,,,,
,0,0,0,0,,,,,,,,,,,,,,,,,,,
,0,0,0,0,,,,,,,,,,,,,,,,,,,
,0,0,0,0,,,,,,,,,,,,,,,,,,,
,0,0,0,0,,,,,,,,,,,,,,,,,,,
,0,0,0,0,,,,,,,,,,,,,,,,,,,
,0,0,0,0,,,,,,,,,,,,,,,,,,,
,0,0,0,0,,,,,,,,,,,,,,,,,,,
,0,0,0,0,,,,,,,,,,,,,,,,,,,
,0,0,0,0,,,,,,,,,,,,,,,,,,,
,0,0,0,0,,,,,,,,,,,,,,,,,,,
,0,0,0,0,,,,,,,,,,,,,,,,,,,
,0,0,0,0,,,,,,,,,,,,,,,,,,,
,0,0,0,0,,,,,,,,,,,,,,,,,,,
,0,0,0,0,,,,,,,,,,,,,,,,,,,
,0,0,0,0,,,,,,,,,,,,,,,,,,,
,0,0,0,0,,,,,,,,,,,,,,,,,,,
,0,0,0,0,,,,,,,,,,,,,,,,,,,
,0,0,0,0,,,,,,,,,,,,,,,,,,,
,0,0,0,0,,,,,,,,,,,,,,,,,,,
,0,0,0,0,,,,,,,,,,,,,,,,,,,
,0,0,0,0,,,,,,,,,,,,,,,,,,,
,0,0,0,0,,,,,,,,,,,,,,,,,,,
,0,0,0,0,,,,,,,,,,,,,,,,,,,
,0,0,0,0,,,,,,,,,,,,,,,,,,,
,0,0,0,0,,,,,,,,,,,,,,,,,,,
,0,0,0,0,,,,,,,,,,,,,,,,,,,
,0,0,0,0,,,,,,,,,,,,,,,,,,,
,0,0,0,0,,,,,,,,,,,,,,,,,,,
,0,0,0,0,,,,,,,,,,,,,,,,,,,
,0,0,0,0,,,,,,,,,,,,,,,,,,,
,0,0,0,0,,,,,,,,,,,,,,,,,,,
,0,0,0,0,,,,,,,,,,,,,,,,,,,
,0,0,0,0,,,,,,,,,,,,,,,,,,,
Michael Patrick O'Brien (II),,,,,False,2009.0,2015.0,6.0,5.0,0.0,1.0,0.0,1.0,0.0,0.0,0.0,0.0,0.0,https://www.imdb.com/name/nm3653190/?ref_=fn_nm_nm_1,103.0,44.0,0.0,0.0385014526189865
Marcello Hernandez,,,,,True,2022.0,2023.0,1.0,0.0,0.0,1.0,0.0,1.0,0.0,0.0,0.0,0.0,0.0,https://www.imdb.com/name/nm13575138/?ref_=fn_nm_nm_0,0.0,1.0,0.0,0.0861897881662044
Molly Kearney,,,,,True,2022.0,2023.0,1.0,0.0,0.0,1.0,0.0,1.0,0.0,0.0,0.0,0.0,0.0,https://www.imdb.com/name/nm11579141/?ref_=fn_nm_nm_1,0.0,1.0,0.0,0.0861897881662044
Michael Longfellow (II),,,,,True,2022.0,2023.0,1.0,0.0,0.0,1.0,0.0,1.0,0.0,0.0,0.0,0.0,0.0,https://www.imdb.com/name/nm9089655/?ref_=fn_al_nm_0,0.0,1.0,0.0,0.0861897881662044
Devon Walker (VI),,,,,True,2022.0,2023.0,1.0,0.0,0.0,1.0,0.0,1.0,0.0,0.0,0.0,0.0,0.0,https://www.imdb.com/name/nm6698127/?ref_=fn_al_nm_1,0.0,1.0,0.0,0.0861897881662044
Nicole Sun (I),,,,,True,2021.0,2023.0,2.0,2.0,0.0,0.0,0.0,0.0,0.0,0.0,0.0,0.0,0.0,https://www.imdb.com/name/nm4710100/?ref_=fn_al_nm_10,5.0,0.0,0.0,0.0027300692130223
Clare O'Kane (I),,,,,True,2021.0,2023.0,2.0,2.0,0.0,0.0,0.0,0.0,0.0,0.0,0.0,0.0,0.0,https://www.imdb.com/name/nm1567818/?ref_=fn_nm_nm_1,9.0,0.0,0.0,0.0032119969238656
Rosebud Baker,,,,,True,2021.0,2023.0,2.0,2.0,0.0,0.0,0.0,0.0,0.0,0.0,0.0,0.0,0.0,https://www.imdb.com/name/nm3497327/?ref_=fn_nm_nm_0,9.0,0.0,0.0,0.0032119969238656
Alex English (X),,,,,True,2021.0,2023.0,2.0,2.0,0.0,0.0,0.0,0.0,0.0,0.0,0.0,0.0,0.0,https://www.imdb.com/name/nm8643737/?ref_=nv_sr_srsg_1,21.0,1.0,0.0,0.0047837384353662
Vannessa Jackson,,,,,True,2021.0,2023.0,2.0,2.0,0.0,0.0,0.0,0.0,0.0,0.0,0.0,0.0,0.0,https://www.imdb.com/name/nm7781354/?ref_=fn_nm_nm_1,21.0,0.0,0.0,0.0046577800563957
