person,num_credits,potential_percent,def_percent,snl_percent,year_start,year_end,num_seasons_total,num_seasons_writer,num_seasons_headwriter,num_seasons_actor,num_seasons_rep,num_seasons_featured,num_seasons_middle,num_seasons_weekend_update,num_episodes_weekend_updates,best_of,num_episodes_hosted,imdb_link,num_episodes_writer,num_episodes_actor,num_episodes_other,coefficient
Seth Meyers,214,0.8551401869158879,0.3037383177570093,0.13551401869158877,2001.0,2014.0,13.0,9.0,9.0,13.0,11.0,2.0,0.0,8.0,154.0,0.0,1.0,https://www.imdb.com/name/nm1024878/?ref_=fn_nm_nm_1,189.0,253.0,2.0,0.286901233859706
Colin Jost,69,0.927536231884058,0.2608695652173913,0.14492753623188406,2005.0,2021.0,16.0,16.0,7.0,8.0,6.0,2.0,0.0,8.0,151.0,0.0,0.0,https://www.imdb.com/name/nm1906042/?ref_=fn_nm_nm_1,322.0,164.0,2.0,0.2113367201882967
Michael Che,64,0.9375,0.1875,0.09375,2013.0,2021.0,8.0,8.0,4.0,7.0,5.0,2.0,0.0,7.0,143.0,0.0,0.0,https://www.imdb.com/name/nm3846408/?ref_=fn_nm_nm_1,171.0,147.0,0.0,0.2236229055486938
Tina Fey,311,0.887459807073955,0.2958199356913183,0.1607717041800643,1997.0,2006.0,9.0,9.0,7.0,6.0,5.0,1.0,0.0,6.0,117.0,0.0,6.0,https://www.imdb.com/name/nm0275486/?ref_=fn_nm_nm_1,174.0,142.0,15.0,0.2441686021973128
Dennis Miller,180,0.7111111111111111,0.14444444444444443,0.022222222222222223,1985.0,1991.0,6.0,0.0,0.0,6.0,6.0,0.0,0.0,6.0,111.0,0.0,0.0,https://www.imdb.com/name/nm0588222/?ref_=fn_nm_nm_2,0.0,111.0,0.0,0.1286009414835356
Jimmy Fallon,365,0.7452054794520548,0.20821917808219179,0.08493150684931507,1998.0,2004.0,6.0,0.0,0.0,6.0,5.0,1.0,0.0,4.0,80.0,1.0,3.0,https://www.imdb.com/name/nm0266422/?ref_=fn_nm_nm_1,0.0,126.0,10.0,0.124837706726325
Amy Poehler,335,0.8567164179104477,0.24776119402985075,0.1253731343283582,2001.0,2008.0,7.0,0.0,0.0,8.0,7.0,1.0,0.0,6.0,80.0,1.0,2.0,https://www.imdb.com/name/nm0688132/?ref_=fn_nm_nm_1,0.0,146.0,7.0,0.1413147478002643
Jane Curtin,163,0.7177914110429447,0.25153374233128833,0.049079754601226995,1975.0,1980.0,5.0,0.0,0.0,5.0,5.0,0.0,0.0,4.0,78.0,0.0,0.0,https://www.imdb.com/name/nm0004852/?ref_=fn_nm_nm_1,0.0,104.0,3.0,0.1213158630654144
Norm MacDonald,156,0.8012820512820513,0.23076923076923078,0.057692307692307696,1993.0,1998.0,5.0,1.0,0.0,5.0,4.0,1.0,0.0,4.0,69.0,0.0,1.0,https://www.imdb.com/name/nm0005172/?ref_=fn_nm_nm_1,20.0,94.0,2.0,0.1199598937335415
Kevin Nealon,312,0.7596153846153846,0.15705128205128205,0.03205128205128205,1986.0,1995.0,9.0,1.0,0.0,9.0,8.0,1.0,0.0,3.0,60.0,0.0,0.0,https://www.imdb.com/name/nm0005265/?ref_=fn_nm_nm_1,20.0,170.0,5.0,0.1328359990574807
Colin Quinn,156,0.7756410256410257,0.14743589743589744,0.057692307692307696,1995.0,2000.0,5.0,2.0,0.0,5.0,4.0,1.0,0.0,3.0,50.0,0.0,0.0,https://www.imdb.com/name/nm0703800/?ref_=fn_nm_nm_1,40.0,86.0,4.0,0.118295052550628
Bill Murray,312,0.6121794871794872,0.15705128205128205,0.05448717948717949,1976.0,1980.0,4.0,1.0,0.0,4.0,4.0,0.0,0.0,2.0,40.0,0.0,5.0,https://www.imdb.com/name/nm0000195/?ref_=fn_nm_nm_1,12.0,73.0,8.0,0.1116868635081913
Chevy Chase,316,0.689873417721519,0.16139240506329114,0.056962025316455694,1975.0,1977.0,2.0,2.0,0.0,2.0,2.0,0.0,0.0,2.0,32.0,1.0,8.0,https://www.imdb.com/name/nm0000331/?ref_=fn_nm_nm_1,33.0,36.0,18.0,0.1063883386544242
Brad Hall,35,0.7142857142857143,0.08571428571428572,0,1982.0,1984.0,2.0,0.0,0.0,2.0,2.0,0.0,0.0,2.0,28.0,0.0,0.0,https://www.imdb.com/name/nm0355357/?ref_=fn_nm_nm_1,0.0,40.0,1.0,0.1017935960476334
Cecily Strong,69,0.9130434782608695,0.34782608695652173,0.14492753623188406,2012.0,2021.0,9.0,0.0,0.0,9.0,8.0,1.0,0.0,1.0,21.0,0.0,0.0,https://www.imdb.com/name/nm5198446/?ref_=fn_nm_nm_1,0.0,189.0,0.0,0.1262752104484993
Dan Aykroyd,395,0.7189873417721518,0.1620253164556962,0.053164556962025315,1975.0,1979.0,4.0,3.0,0.0,4.0,4.0,0.0,0.0,1.0,20.0,1.0,1.0,https://www.imdb.com/name/nm0000101/?ref_=fn_nm_nm_1,63.0,97.0,2.0,0.1174042786231968
Brian Doyle-Murray,181,0.6298342541436464,0.06629834254143646,0.022099447513812154,1977.0,1982.0,5.0,5.0,0.0,2.0,0.0,2.0,0.0,1.0,20.0,0.0,0.0,https://www.imdb.com/name/nm0236519/?ref_=fn_nm_nm_1,79.0,52.0,1.0,0.0587003099438372
Charles Rocket,92,0.4673913043478261,0.043478260869565216,0,1980.0,1981.0,1.0,0.0,0.0,1.0,1.0,0.0,0.0,1.0,12.0,0.0,0.0,https://www.imdb.com/name/nm0734236/?ref_=fn_nm_nm_1,0.0,12.0,0.0,0.0945468527883293
Christopher Guest,165,0.8666666666666667,0.09696969696969697,0.012121212121212121,1984.0,1985.0,1.0,1.0,0.0,1.0,1.0,0.0,0.0,1.0,10.0,0.0,0.0,https://www.imdb.com/name/nm0001302/?ref_=fn_nm_nm_1,18.0,19.0,2.0,0.0973234135769383
Mary Gross,87,0.6781609195402298,0.08045977011494253,0,1981.0,1985.0,4.0,1.0,0.0,4.0,4.0,0.0,0.0,1.0,7.0,0.0,0.0,https://www.imdb.com/name/nm0343444/?ref_=fn_nm_nm_1,19.0,73.0,4.0,0.1069990212299876
Christine Ebersole,131,0.549618320610687,0.030534351145038167,0.007633587786259542,1981.0,1982.0,1.0,0.0,0.0,1.0,1.0,0.0,0.0,1.0,6.0,0.0,0.0,https://www.imdb.com/name/nm0002056/?ref_=fn_nm_nm_1,0.0,18.0,2.0,0.0943716063480226
Gail Matthius,49,0.5102040816326531,0.061224489795918366,0,1980.0,1981.0,1.0,0.0,0.0,1.0,1.0,0.0,0.0,1.0,6.0,0.0,0.0,https://www.imdb.com/name/nm0560257/?ref_=fn_nm_nm_1,0.0,13.0,0.0,0.0936870499405746
Billy Crystal,408,0.6936274509803921,0.061274509803921566,0.02696078431372549,1984.0,1985.0,1.0,1.0,0.0,1.0,1.0,0.0,0.0,2.0,3.0,0.0,3.0,https://www.imdb.com/name/nm0000345/?ref_=fn_nm_nm_1,18.0,19.0,4.0,0.0962281233250215
Horatio Sanz,179,0.7988826815642458,0.22905027932960895,0.027932960893854747,1998.0,2006.0,8.0,0.0,0.0,8.0,7.0,1.0,0.0,1.0,2.0,0.0,0.0,https://www.imdb.com/name/nm0764445/?ref_=fn_nm_nm_1,0.0,159.0,2.0,0.1182963721423411
Joe Piscopo,140,0.5285714285714286,0.11428571428571428,0.007142857142857143,1980.0,1984.0,4.0,2.0,0.0,4.0,4.0,0.0,0.0,1.0,1.0,0.0,0.0,https://www.imdb.com/name/nm0685472/?ref_=fn_nm_nm_1,38.0,68.0,5.0,0.1077000069912143
Garrett Morris,178,0.5955056179775281,0.1853932584269663,0.011235955056179775,1975.0,1980.0,5.0,0.0,0.0,5.0,5.0,0.0,0.0,0.0,0.0,0.0,0.0,https://www.imdb.com/name/nm0606541/?ref_=fn_nm_nm_1,1.0,97.0,13.0,0.1080135629558854
Fred Wolf,35,0.8857142857142857,0.3142857142857143,0.2,1991.0,1996.0,5.0,4.0,1.0,2.0,0.0,2.0,0.0,0.0,0.0,0.0,0.0,https://www.imdb.com/name/nm0937748/?ref_=fn_nm_nm_1,96.0,19.0,5.0,0.0834155344783388
James Downey (I),45,0.9333333333333333,0.7333333333333333,0.1111111111111111,1976.0,2014.0,28.0,31.0,9.0,1.0,0.0,1.0,0.0,0.0,0.0,0.0,0.0,https://www.imdb.com/name/nm0235999/?ref_=fn_nm_nm_1,558.0,89.0,244.0,0.166157715970264
Tom Davis (I),50,0.88,0.64,0.16,1975.0,2003.0,15.0,15.0,0.0,3.0,0.0,3.0,0.0,0.0,0.0,0.0,0.0,https://www.imdb.com/name/nm0205569/?ref_=fn_nm_nm_1,279.0,154.0,158.0,0.0902958914963529
Al Franken,184,0.7608695652173914,0.1956521739130435,0.059782608695652176,1977.0,1995.0,15.0,15.0,0.0,12.0,0.0,11.0,0.0,0.0,0.0,0.0,0.0,https://www.imdb.com/name/nm0291253/?ref_=fn_nm_nm_1,301.0,115.0,201.0,0.1345448874802886
Tom Schiller,35,0.7714285714285715,0.42857142857142855,0.05714285714285714,1975.0,1990.0,7.0,7.0,0.0,1.0,0.0,1.0,0.0,0.0,0.0,0.0,0.0,https://www.imdb.com/name/nm0771680/?ref_=fn_nm_nm_1,145.0,71.0,24.0,0.0466597642296181
A. Whitney Brown,30,0.8333333333333334,0.43333333333333335,0.06666666666666667,1985.0,1991.0,6.0,6.0,0.0,6.0,0.0,6.0,0.0,0.0,0.0,0.0,0.0,https://www.imdb.com/name/nm0112944/?ref_=fn_nm_nm_1,111.0,44.0,22.0,0.1109010510125608
Michael O'Donoghue,39,0.8974358974358975,0.5897435897435898,0.07692307692307693,1975.0,1982.0,5.0,5.0,4.0,1.0,1.0,0.0,0.0,0.0,0.0,0.0,0.0,https://www.imdb.com/name/nm0640874/?ref_=fn_nm_nm_1,94.0,35.0,12.0,0.1593815804805294
Mikey Day,28,0.8571428571428571,0.4642857142857143,0.17857142857142858,2013.0,2021.0,8.0,4.0,0.0,5.0,3.0,2.0,0.0,0.0,0.0,0.0,0.0,https://www.imdb.com/name/nm1510062/?ref_=fn_nm_nm_1,63.0,108.0,0.0,0.0847045046724616
Phil Hartman,173,0.7514450867052023,0.2947976878612717,0.023121387283236993,1986.0,1994.0,8.0,3.0,0.0,8.0,8.0,0.0,0.0,0.0,0.0,1.0,2.0,https://www.imdb.com/name/nm0367005/?ref_=fn_nm_nm_1,0.0,152.0,14.0,0.1180396634895481
Jim Belushi,267,0.5543071161048689,0.04119850187265917,0.00749063670411985,1983.0,1985.0,2.0,2.0,0.0,2.0,2.0,0.0,0.0,0.0,0.0,0.0,0.0,https://www.imdb.com/name/nm0000902/?ref_=fn_nm_nm_1,32.0,33.0,2.0,0.100194472279835
Andrew Dismukes,4,0.75,0.25,0,2017.0,2021.0,4.0,2.0,0.0,1.0,0.0,1.0,0.0,0.0,0.0,0.0,0.0,https://www.imdb.com/name/nm8608160/?ref_=fn_nm_nm_1,64.0,25.0,0.0,0.0363651219966908
Robin Duke,66,0.6363636363636364,0.12121212121212122,0.030303030303030304,1981.0,1984.0,3.0,2.0,0.0,4.0,4.0,0.0,0.0,0.0,0.0,0.0,0.0,https://www.imdb.com/name/nm0241208/?ref_=fn_nm_nm_1,39.0,59.0,2.0,0.135376593414276
Leslie Jones,77,0.8571428571428571,0.15584415584415584,0.09090909090909091,2013.0,2019.0,6.0,2.0,0.0,5.0,3.0,2.0,0.0,0.0,0.0,0.0,0.0,https://www.imdb.com/name/nm0428656/?ref_=fn_nm_nm_1,32.0,105.0,0.0,0.0967973635353794
Peter Aykroyd,21,0.8095238095238095,0.14285714285714285,0.047619047619047616,1979.0,1980.0,1.0,1.0,0.0,1.0,0.0,1.0,0.0,0.0,0.0,0.0,0.0,https://www.imdb.com/name/nm0043839/?ref_=fn_nm_nm_1,20.0,16.0,0.0,0.0904888024049777
John Belushi,116,0.8793103448275862,0.35344827586206895,0.0603448275862069,1975.0,1979.0,4.0,1.0,0.0,4.0,4.0,0.0,0.0,0.0,0.0,1.0,0.0,https://www.imdb.com/name/nm0000004/?ref_=fn_nm_nm_1,23.0,78.0,11.0,0.107152361865256
Rich Hall,131,0.42748091603053434,0.04580152671755725,0.015267175572519083,1984.0,1985.0,1.0,1.0,0.0,1.0,1.0,0.0,0.0,0.0,0.0,0.0,0.0,https://www.imdb.com/name/nm0356025/?ref_=fn_nm_nm_1,18.0,16.0,2.0,0.0953026030621519
Fred Armisen,317,0.7949526813880127,0.2113564668769716,0.10725552050473186,2002.0,2013.0,11.0,0.0,0.0,11.0,9.0,2.0,0.0,0.0,0.0,0.0,1.0,https://www.imdb.com/name/nm0035488/?ref_=fn_nm_nm_1,0.0,236.0,5.0,0.1306561254689939
Morwenna Banks,117,0.1623931623931624,0.017094017094017096,0,1995.0,1995.0,1.0,0.0,0.0,1.0,1.0,0.0,0.0,0.0,0.0,0.0,0.0,https://www.imdb.com/name/nm0052218/?ref_=fn_nm_nm_1,0.0,3.0,1.0,0.0914690871804432
Vanessa Bayer,78,0.8974358974358975,0.28205128205128205,0.08974358974358974,2010.0,2017.0,7.0,0.0,0.0,7.0,5.0,2.0,0.0,0.0,0.0,0.0,0.0,https://www.imdb.com/name/nm3364779/?ref_=fn_nm_nm_1,0.0,149.0,0.0,0.1147860355486605
Beck Bennett,68,0.8823529411764706,0.19117647058823528,0.04411764705882353,2013.0,2021.0,8.0,0.0,0.0,8.0,6.0,2.0,0.0,0.0,0.0,0.0,0.0,https://www.imdb.com/name/nm3080722/?ref_=fn_nm_nm_1,0.0,164.0,0.0,0.1179178124490224
Jim Breuer,105,0.6761904761904762,0.17142857142857143,0.02857142857142857,1995.0,1998.0,3.0,0.0,0.0,3.0,3.0,0.0,0.0,0.0,0.0,0.0,0.0,https://www.imdb.com/name/nm0108028/?ref_=fn_nm_nm_1,0.0,57.0,3.0,0.1004532637319102
Paul Brittain,16,0.8125,0.375,0.1875,2010.0,2012.0,2.0,0.0,0.0,2.0,0.0,2.0,0.0,0.0,0.0,0.0,0.0,https://www.imdb.com/name/nm4204968/?ref_=fn_nm_nm_1,0.0,34.0,0.0,0.0914102444594626
Aidy Bryant,79,0.9367088607594937,0.34177215189873417,0.13924050632911392,2012.0,2021.0,9.0,0.0,0.0,9.0,8.0,1.0,0.0,0.0,0.0,0.0,0.0,https://www.imdb.com/name/nm5262775/?ref_=fn_nm_nm_1,0.0,189.0,0.0,0.1228250461549615
Beth Cahill,17,0.8823529411764706,0.35294117647058826,0,1991.0,1992.0,1.0,0.0,0.0,1.0,0.0,1.0,0.0,0.0,0.0,0.0,0.0,https://www.imdb.com/name/nm0128639/?ref_=fn_nm_nm_1,0.0,13.0,0.0,0.0877012887138496
Dana Carvey,186,0.8924731182795699,0.3279569892473118,0.08602150537634409,1986.0,1993.0,7.0,0.0,0.0,7.0,7.0,0.0,0.0,0.0,0.0,1.0,4.0,https://www.imdb.com/name/nm0001022/?ref_=fn_nm_nm_1,0.0,130.0,7.0,0.1140130735708792
Ellen Cleghorne,67,0.7611940298507462,0.2537313432835821,0.04477611940298507,1991.0,1995.0,4.0,0.0,0.0,4.0,2.0,0.0,2.0,0.0,0.0,0.0,0.0,https://www.imdb.com/name/nm0165971/?ref_=fn_nm_nm_1,0.0,77.0,3.0,0.1015362610985528
George Coe,136,0.4485294117647059,0.014705882352941176,0,1975.0,1975.0,1.0,0.0,0.0,1.0,1.0,0.0,0.0,0.0,0.0,0.0,0.0,https://www.imdb.com/name/nm0168642/?ref_=fn_nm_nm_1,0.0,10.0,0.0,0.0923234135769383
Joan Cusack,134,0.5074626865671642,0.05970149253731343,0.022388059701492536,1985.0,1986.0,1.0,0.0,0.0,1.0,1.0,0.0,0.0,0.0,0.0,0.0,0.0,https://www.imdb.com/name/nm0000349/?ref_=fn_nm_nm_1,0.0,17.0,1.0,0.0932325044860292
Pete Davidson,83,0.7590361445783133,0.12048192771084337,0.012048192771084338,2014.0,2021.0,7.0,0.0,0.0,7.0,5.0,2.0,0.0,0.0,0.0,0.0,0.0,https://www.imdb.com/name/nm0203457/?ref_=fn_nm_nm_1,0.0,146.0,1.0,0.1144355426680471
Denny Dillon,52,0.5,0.07692307692307693,0.019230769230769232,1980.0,1981.0,1.0,0.0,0.0,1.0,1.0,0.0,0.0,0.0,0.0,0.0,0.0,https://www.imdb.com/name/nm0226986/?ref_=fn_nm_nm_1,0.0,13.0,0.0,0.0927012887138496
Robert Downey Jr.,393,0.5038167938931297,0.022900763358778626,0.017811704834605598,1985.0,1986.0,1.0,0.0,0.0,1.0,1.0,0.0,0.0,0.0,0.0,0.0,1.0,https://www.imdb.com/name/nm0000375/?ref_=fn_nm_nm_1,0.0,16.0,3.0,0.0931613106196546
Rachel Dratch,208,0.7740384615384616,0.23557692307692307,0.07211538461538461,1999.0,2006.0,7.0,0.0,0.0,7.0,5.0,2.0,0.0,0.0,0.0,0.0,0.0,https://www.imdb.com/name/nm0237222/?ref_=fn_nm_nm_1,0.0,145.0,6.0,0.1144464955705663
Nora Dunn,162,0.6604938271604939,0.15432098765432098,0.030864197530864196,1985.0,1990.0,5.0,0.0,0.0,5.0,5.0,0.0,0.0,0.0,0.0,0.0,0.0,https://www.imdb.com/name/nm0004887/?ref_=fn_nm_nm_1,0.0,88.0,3.0,0.1064856330544615
Dean Edwards,63,0.6507936507936508,0.14285714285714285,0.015873015873015872,2001.0,2003.0,2.0,0.0,0.0,2.0,0.0,2.0,0.0,0.0,0.0,0.0,0.0,https://www.imdb.com/name/nm0249931/?ref_=fn_nm_nm_1,0.0,40.0,0.0,0.0921659947332851
Abby Elliott,69,0.8695652173913043,0.2463768115942029,0,2008.0,2012.0,4.0,0.0,0.0,4.0,2.0,2.0,0.0,0.0,0.0,0.0,0.0,https://www.imdb.com/name/nm2212031/?ref_=fn_nm_nm_1,0.0,81.0,0.0,0.1019579478455407
Chris Elliott,102,0.7352941176470589,0.049019607843137254,0.029411764705882353,1994.0,1995.0,1.0,0.0,0.0,1.0,1.0,0.0,0.0,0.0,0.0,0.0,0.0,https://www.imdb.com/name/nm0254402/?ref_=fn_nm_nm_1,0.0,19.0,1.0,0.09348442124397
Siobhan Fallon Hogan,81,0.5061728395061729,0.09876543209876543,0.024691358024691357,1991.0,1992.0,1.0,0.0,0.0,1.0,0.0,0.0,1.0,0.0,0.0,0.0,0.0,https://www.imdb.com/name/nm0266441/?ref_=fn_nm_nm_1,0.0,20.0,0.0,0.0885829973666425
Chris Farley,89,0.9775280898876404,0.47191011235955055,0.10112359550561797,1990.0,1995.0,5.0,0.0,0.0,5.0,5.0,0.0,1.0,0.0,0.0,1.0,1.0,https://www.imdb.com/name/nm0000394/?ref_=fn_nm_nm_1,0.0,96.0,6.0,0.1245754468551187
Will Ferrell,522,0.7988505747126436,0.15134099616858238,0.040229885057471264,1995.0,2002.0,7.0,0.0,0.0,7.0,7.0,0.0,0.0,0.0,0.0,1.0,5.0,https://www.imdb.com/name/nm0002071/?ref_=fn_nm_nm_1,0.0,140.0,11.0,0.1153821863857752
Chloe Fineman,19,0.6842105263157895,0.10526315789473684,0,2019.0,2021.0,2.0,0.0,0.0,2.0,2.0,0.0,0.0,0.0,0.0,0.0,0.0,https://www.imdb.com/name/nm4806887/?ref_=fn_nm_nm_1,0.0,42.0,0.0,0.097417911491226
Will Forte,211,0.8199052132701422,0.24644549763033174,0.11374407582938388,2002.0,2010.0,8.0,0.0,0.0,8.0,7.0,1.0,0.0,0.0,0.0,0.0,0.0,https://www.imdb.com/name/nm0287182/?ref_=fn_nm_nm_1,0.0,156.0,3.0,0.1176172921861527
Heidi Gardner,38,0.8157894736842105,0.21052631578947367,0.10526315789473684,2017.0,2021.0,4.0,0.0,0.0,4.0,2.0,2.0,0.0,0.0,0.0,0.0,0.0,https://www.imdb.com/name/nm5906920/?ref_=fn_nm_nm_1,0.0,84.0,0.0,0.102335822982452
Janeane Garofalo,331,0.6344410876132931,0.021148036253776436,0.012084592145015106,1994.0,1995.0,1.0,0.0,0.0,1.0,1.0,0.0,0.0,0.0,0.0,0.0,0.0,https://www.imdb.com/name/nm0000413/?ref_=fn_nm_nm_1,0.0,14.0,0.0,0.09282724709282
Ana Gasteyer,182,0.8461538461538461,0.26373626373626374,0.054945054945054944,1996.0,2002.0,6.0,0.0,0.0,6.0,6.0,0.0,0.0,0.0,0.0,0.0,0.0,https://www.imdb.com/name/nm0309430/?ref_=fn_nm_nm_1,0.0,121.0,4.0,0.1117334716040176
Gilbert Gottfried,386,0.5906735751295337,0.038860103626943004,0.025906735751295335,1980.0,1981.0,1.0,0.0,0.0,1.0,1.0,0.0,0.0,0.0,0.0,0.0,0.0,https://www.imdb.com/name/nm0331906/?ref_=fn_nm_nm_1,0.0,13.0,0.0,0.0927012887138496
Bill Hader,260,0.8346153846153846,0.18076923076923077,0.07307692307692308,2005.0,2013.0,8.0,0.0,0.0,8.0,7.0,1.0,0.0,0.0,0.0,0.0,2.0,https://www.imdb.com/name/nm0352778/?ref_=fn_nm_nm_1,4.0,161.0,6.0,0.118811158560742
Anthony Michael Hall,142,0.47183098591549294,0.035211267605633804,0.014084507042253521,1985.0,1986.0,1.0,0.0,0.0,1.0,1.0,0.0,0.0,0.0,0.0,0.0,0.0,https://www.imdb.com/name/nm0001309/?ref_=fn_nm_nm_1,0.0,12.0,6.0,0.0927396238726666
Darrell Hammond,141,0.8439716312056738,0.3971631205673759,0.0425531914893617,1995.0,2009.0,14.0,0.0,0.0,14.0,14.0,0.0,0.0,0.0,0.0,0.0,0.0,https://www.imdb.com/name/nm0358669/?ref_=fn_nm_nm_1,0.0,313.0,112.0,0.1473854023443872
Lauren Holt,3,0.6666666666666666,0.3333333333333333,0,2020.0,2021.0,1.0,0.0,0.0,1.0,0.0,1.0,0.0,0.0,0.0,0.0,0.0,https://www.imdb.com/name/nm7576527/?ref_=fn_nm_nm_1,0.0,20.0,0.0,0.0885829973666425
Jan Hooks,69,0.9565217391304348,0.6086956521739131,0.08695652173913043,1986.0,1991.0,5.0,0.0,0.0,5.0,5.0,0.0,0.0,0.0,0.0,0.0,0.0,https://www.imdb.com/name/nm0393660/?ref_=fn_nm_nm_1,0.0,100.0,3.0,0.1079971336021066
Yvonne Hudson,1,1.0,1.0,0,1980.0,1981.0,1.0,0.0,0.0,1.0,0.0,1.0,0.0,0.0,0.0,0.0,0.0,https://www.imdb.com/name/nm0399994/?ref_=fn_nm_nm_1,0.0,31.0,0.0,0.0899685395353172
Melanie Hutsell,45,0.7111111111111111,0.26666666666666666,0.044444444444444446,1991.0,1994.0,3.0,0.0,0.0,3.0,1.0,2.0,0.0,0.0,0.0,0.0,0.0,https://www.imdb.com/name/nm0404525/?ref_=fn_nm_nm_1,0.0,53.0,2.0,0.0965887146263972
Victoria Jackson,154,0.538961038961039,0.2012987012987013,0.025974025974025976,1986.0,1992.0,6.0,0.0,0.0,6.0,6.0,0.0,0.0,0.0,0.0,0.0,0.0,https://www.imdb.com/name/nm0414130/?ref_=fn_nm_nm_1,0.0,109.0,4.0,0.1102219710563724
Punkie Johnson,17,0.6470588235294118,0.11764705882352941,0,2020.0,2021.0,1.0,0.0,0.0,1.0,0.0,1.0,0.0,0.0,0.0,0.0,0.0,https://www.imdb.com/name/nm9790618/?ref_=fn_nm_nm_1,0.0,24.0,0.0,0.0890868308825243
Chris Kattan,176,0.7045454545454546,0.24431818181818182,0.03409090909090909,1996.0,2003.0,7.0,0.0,0.0,8.0,7.0,1.0,0.0,0.0,0.0,1.0,0.0,https://www.imdb.com/name/nm0441592/?ref_=fn_nm_nm_1,0.0,148.0,4.0,0.1283410347663103
Taran Killam,107,0.8598130841121495,0.22429906542056074,0.06542056074766354,2010.0,2016.0,6.0,0.0,0.0,6.0,4.0,2.0,0.0,0.0,0.0,0.0,0.0,https://www.imdb.com/name/nm0453115/?ref_=fn_nm_nm_1,0.0,128.0,0.0,0.1108389845649522
David Koechner,290,0.6793103448275862,0.04482758620689655,0.02413793103448276,1995.0,1996.0,1.0,0.0,0.0,1.0,1.0,0.0,0.0,0.0,0.0,0.0,0.0,https://www.imdb.com/name/nm0462712/?ref_=fn_nm_nm_1,0.0,21.0,0.0,0.093708955745613
Gary Kroeger,43,0.5116279069767442,0.09302325581395349,0,1982.0,1985.0,3.0,0.0,0.0,3.0,3.0,0.0,0.0,0.0,0.0,0.0,0.0,https://www.imdb.com/name/nm0471856/?ref_=fn_nm_nm_1,0.0,56.0,1.0,0.1002725408403439
Matthew Laurance,41,0.24390243902439024,0.024390243902439025,0,1980.0,1981.0,1.0,0.0,0.0,1.0,0.0,1.0,0.0,0.0,0.0,0.0,0.0,https://www.imdb.com/name/nm0491005/?ref_=fn_nm_nm_1,0.0,9.0,1.0,0.0872248374542658
Julia Louis-Dreyfus,235,0.8127659574468085,0.08936170212765958,0.059574468085106386,1982.0,1985.0,3.0,0.0,0.0,3.0,3.0,0.0,0.0,0.0,0.0,0.0,3.0,https://www.imdb.com/name/nm0000506/?ref_=fn_nm_nm_1,0.0,57.0,3.0,0.1004532637319102
Jon Lovitz,293,0.6996587030716723,0.13993174061433447,0.04436860068259386,1985.0,1990.0,5.0,0.0,0.0,5.0,5.0,0.0,0.0,0.0,0.0,1.0,1.0,https://www.imdb.com/name/nm0001484/?ref_=fn_nm_nm_1,0.0,91.0,10.0,0.1070551839854582
Michael McKean,353,0.6543909348441926,0.028328611898016998,0.0056657223796034,1994.0,1995.0,1.0,0.0,0.0,2.0,2.0,0.0,0.0,0.0,0.0,0.0,1.0,https://www.imdb.com/name/nm0571106/?ref_=fn_nm_nm_1,0.0,27.0,3.0,0.1845468527883293
Mark McKinney,119,0.48739495798319327,0.15126050420168066,0.04201680672268908,1985.0,1997.0,12.0,1.0,0.0,3.0,3.0,0.0,0.0,0.0,0.0,0.0,0.0,https://www.imdb.com/name/nm0571897/?ref_=fn_nm_nm_1,0.0,70.0,2.0,0.0441378084873342
Kate McKinnon,123,0.8617886178861789,0.25203252032520324,0.11382113821138211,2012.0,2021.0,10.0,0.0,0.0,10.0,8.0,2.0,0.0,0.0,0.0,0.0,0.0,https://www.imdb.com/name/nm0571952/?ref_=fn_nm_nm_1,0.0,194.0,0.0,0.1240742233926033
Tim Meadows,205,0.848780487804878,0.2682926829268293,0.07317073170731707,1991.0,2000.0,10.0,1.0,0.0,10.0,10.0,0.0,0.0,0.0,0.0,1.0,0.0,https://www.imdb.com/name/nm0005218/?ref_=fn_nm_nm_1,20.0,183.0,7.0,0.1262899955722309
Laurie Metcalf,160,0.625,0.0375,0.03125,1981.0,1981.0,1.0,0.0,0.0,1.0,0.0,1.0,0.0,0.0,0.0,0.0,0.0,https://www.imdb.com/name/nm0582418/?ref_=fn_nm_nm_1,0.0,1.0,1.0,0.0862171704225023
John Milhiser,67,0.4925373134328358,0.07462686567164178,0.014925373134328358,2013.0,2014.0,1.0,0.0,0.0,1.0,0.0,1.0,0.0,0.0,0.0,0.0,0.0,https://www.imdb.com/name/nm2275887/?ref_=fn_nm_nm_1,0.0,21.0,0.0,0.088708955745613
Jerry Minor,122,0.7786885245901639,0.07377049180327869,0.03278688524590164,2000.0,2001.0,1.0,1.0,0.0,1.0,0.0,1.0,0.0,0.0,0.0,0.0,0.0,https://www.imdb.com/name/nm0591576/?ref_=fn_nm_nm_1,20.0,20.0,0.0,0.0909926359208594
Finesse Mitchell,87,0.6436781609195402,0.10344827586206896,0.05747126436781609,2003.0,2006.0,3.0,0.0,0.0,3.0,1.0,2.0,0.0,0.0,0.0,0.0,0.0,https://www.imdb.com/name/nm1459509/?ref_=fn_nm_nm_1,0.0,59.0,0.0,0.097289700387624
Alex Moffat,24,0.8333333333333334,0.2916666666666667,0.041666666666666664,2016.0,2021.0,5.0,0.0,0.0,5.0,3.0,2.0,0.0,0.0,0.0,0.0,0.0,https://www.imdb.com/name/nm5803981/?ref_=fn_nm_nm_1,0.0,105.0,0.0,0.106544778728065
Jay Mohr,192,0.5729166666666666,0.08333333333333333,0.015625,1993.0,1995.0,2.0,1.0,0.0,2.0,0.0,2.0,0.0,0.0,0.0,0.0,0.0,https://www.imdb.com/name/nm0001542/?ref_=fn_nm_nm_1,20.0,39.0,0.0,0.0944496749085316
Kyle Mooney,58,0.7586206896551724,0.22413793103448276,0.017241379310344827,2013.0,2021.0,8.0,0.0,0.0,8.0,6.0,2.0,0.0,0.0,0.0,0.0,0.0,https://www.imdb.com/name/nm3324982/?ref_=fn_nm_nm_1,0.0,168.0,0.0,0.1184216459649041
Tracy Morgan,265,0.7660377358490567,0.19622641509433963,0.0830188679245283,1996.0,2003.0,7.0,0.0,0.0,7.0,7.0,0.0,0.0,0.0,0.0,1.0,2.0,https://www.imdb.com/name/nm0605079/?ref_=fn_nm_nm_1,0.0,141.0,13.0,0.1155629092773414
Bobby Moynihan,209,0.8038277511961722,0.19138755980861244,0.06698564593301436,2008.0,2017.0,9.0,0.0,0.0,9.0,7.0,2.0,0.0,0.0,0.0,0.0,0.0,https://www.imdb.com/name/nm1293885/?ref_=fn_nm_nm_1,0.0,193.0,0.0,0.1227733241152877
Eddie Murphy,339,0.6460176991150443,0.07669616519174041,0.011799410029498525,1980.0,1984.0,4.0,2.0,0.0,4.0,3.0,1.0,0.0,0.0,0.0,1.0,3.0,https://www.imdb.com/name/nm0000552/?ref_=fn_nm_nm_1,39.0,66.0,5.0,0.1061542786231968
Mike Myers,288,0.78125,0.16319444444444445,0.03125,1989.0,1995.0,6.0,2.0,0.0,7.0,7.0,1.0,0.0,0.0,0.0,1.0,1.0,https://www.imdb.com/name/nm0000196/?ref_=fn_nm_nm_1,32.0,117.0,5.0,0.1442791086978474
Laraine Newman,309,0.6310679611650486,0.13268608414239483,0.032362459546925564,1975.0,1980.0,5.0,0.0,0.0,5.0,5.0,0.0,0.0,0.0,0.0,0.0,0.0,https://www.imdb.com/name/nm0628170/?ref_=fn_nm_nm_1,0.0,103.0,4.0,0.1084023909953158
Don Novello,89,0.5842696629213483,0.15730337078651685,0.0449438202247191,1977.0,1986.0,4.0,4.0,0.0,2.0,0.0,2.0,0.0,0.0,0.0,0.0,1.0,https://www.imdb.com/name/nm0637038/?ref_=fn_nm_nm_1,71.0,39.0,0.0,0.0602219127962527
Luke Null,6,0.8333333333333334,0.3333333333333333,0,2017.0,2018.0,1.0,0.0,0.0,1.0,0.0,1.0,0.0,0.0,0.0,0.0,0.0,https://www.imdb.com/name/nm3760937/?ref_=fn_nm_nm_1,0.0,21.0,0.0,0.088708955745613
Ego Nwodim,22,0.5909090909090909,0.18181818181818182,0.045454545454545456,2018.0,2021.0,3.0,0.0,0.0,3.0,1.0,2.0,0.0,0.0,0.0,0.0,0.0,https://www.imdb.com/name/nm4945455/?ref_=fn_nm_nm_1,0.0,63.0,0.0,0.0977935339035057
Michael Patrick O'Brien (II) ,36,1.0,0.4166666666666667,0.2222222222222222,2013.0,2015.0,2.0,1.0,0.0,1.0,0.0,1.0,0.0,0.0,0.0,0.0,0.0,https://www.imdb.com/name/nm3653190/?ref_=fn_nm_nm_1,103.0,44.0,0.0,0.0625794668033837
Cheri Oteri,154,0.6753246753246753,0.2012987012987013,0.025974025974025976,1995.0,2000.0,5.0,0.0,0.0,5.0,5.0,0.0,0.0,0.0,0.0,1.0,0.0,https://www.imdb.com/name/nm0652783/?ref_=fn_nm_nm_1,0.0,98.0,2.0,0.1077178345878679
Chris Parnell,236,0.75,0.211864406779661,0.06779661016949153,1998.0,2006.0,8.0,0.0,0.0,8.0,7.0,1.0,0.0,0.0,0.0,0.0,0.0,https://www.imdb.com/name/nm0663177/?ref_=fn_nm_nm_1,0.0,148.0,3.0,0.1166096251543893
Nasim Pedrad,55,0.8727272727272727,0.36363636363636365,0.05454545454545454,2009.0,2014.0,5.0,0.0,0.0,5.0,3.0,2.0,0.0,0.0,0.0,0.0,0.0,https://www.imdb.com/name/nm1840659/?ref_=fn_nm_nm_1,0.0,109.0,0.0,0.1070486122439467
Jay Pharoah,129,0.751937984496124,0.16279069767441862,0.03875968992248062,2010.0,2016.0,6.0,0.0,0.0,6.0,4.0,2.0,0.0,0.0,0.0,0.0,0.0,https://www.imdb.com/name/nm3982894/?ref_=fn_nm_nm_1,0.0,128.0,0.0,0.1108389845649522
Emily Prager,5,0.6,0.4,0.2,1981.0,1981.0,1.0,0.0,0.0,1.0,0.0,1.0,0.0,0.0,0.0,0.0,0.0,https://www.imdb.com/name/nm0695104/?ref_=fn_nm_nm_1,0.0,4.0,1.0,0.0865950455594136
Randy Quaid,132,0.3333333333333333,0.045454545454545456,0.015151515151515152,1985.0,1986.0,1.0,0.0,0.0,1.0,1.0,0.0,0.0,0.0,0.0,0.0,0.0,https://www.imdb.com/name/nm0001642/?ref_=fn_nm_nm_1,0.0,18.0,1.0,0.0933584628649996
Gilda Radner,97,0.7835051546391752,0.4329896907216495,0.09278350515463918,1975.0,1980.0,5.0,0.0,0.0,5.0,5.0,0.0,0.0,0.0,0.0,1.0,0.0,https://www.imdb.com/name/nm0705717/?ref_=fn_nm_nm_1,3.0,99.0,10.0,0.1084242968003542
Chris Redd,56,0.8035714285714286,0.125,0.05357142857142857,2017.0,2021.0,4.0,0.0,0.0,4.0,2.0,2.0,0.0,0.0,0.0,0.0,0.0,https://www.imdb.com/name/nm5412083/?ref_=fn_nm_nm_1,0.0,84.0,0.0,0.102335822982452
Jeff Richards (III),44,0.5,0.11363636363636363,0,2001.0,2004.0,3.0,0.0,0.0,3.0,1.0,2.0,0.0,0.0,0.0,0.0,0.0,https://www.imdb.com/name/nm0724145/?ref_=fn_nm_nm_1,0.0,50.0,0.0,0.0961560749768901
Rob Riggle,242,0.6983471074380165,0.045454545454545456,0.02066115702479339,2004.0,2005.0,1.0,0.0,0.0,1.0,0.0,1.0,0.0,0.0,0.0,0.0,0.0,https://www.imdb.com/name/nm1443527/?ref_=fn_nm_nm_1,0.0,21.0,0.0,0.088708955745613
Ann Risley,14,0.21428571428571427,0.14285714285714285,0,1980.0,1981.0,1.0,0.0,0.0,1.0,1.0,0.0,0.0,0.0,0.0,0.0,0.0,https://www.imdb.com/name/nm0728315/?ref_=fn_nm_nm_1,0.0,12.0,0.0,0.0925753303348791
Chris Rock,432,0.7569444444444444,0.10648148148148148,0.05555555555555555,1990.0,1993.0,3.0,0.0,0.0,3.0,3.0,0.0,0.0,0.0,0.0,1.0,3.0,https://www.imdb.com/name/nm0001674/?ref_=fn_nm_nm_1,0.0,58.0,16.0,0.1009351914427536
Jon Rudnitsky,28,0.7857142857142857,0.07142857142857142,0,2015.0,2016.0,1.0,0.0,0.0,1.0,0.0,1.0,0.0,0.0,0.0,0.0,0.0,https://www.imdb.com/name/nm4339544/?ref_=fn_nm_nm_1,0.0,21.0,0.0,0.088708955745613
Maya Rudolph,238,0.8613445378151261,0.2773109243697479,0.13865546218487396,2000.0,2007.0,7.0,0.0,0.0,7.0,7.0,2.0,0.0,0.0,0.0,0.0,2.0,https://www.imdb.com/name/nm0748973/?ref_=fn_nm_nm_1,0.0,162.0,6.0,0.1423020737273493
Andy Samberg,261,0.9118773946360154,0.21839080459770116,0.11877394636015326,2005.0,2012.0,7.0,0.0,0.0,7.0,6.0,1.0,0.0,0.0,0.0,0.0,1.0,https://www.imdb.com/name/nm1676221/?ref_=fn_nm_nm_1,17.0,140.0,4.0,0.1165244176484884
Paul Shaffer,183,0.6721311475409836,0.13114754098360656,0.060109289617486336,1979.0,1980.0,1.0,0.0,0.0,1.0,0.0,1.0,0.0,0.0,0.0,0.0,1.0,https://www.imdb.com/name/nm0787238/?ref_=fn_nm_nm_1,0.0,27.0,33.0,0.0903683204772669
Molly Shannon,252,0.7738095238095238,0.21428571428571427,0.051587301587301584,1995.0,2001.0,7.0,0.0,0.0,7.0,6.0,1.0,0.0,0.0,0.0,1.0,1.0,https://www.imdb.com/name/nm0788340/?ref_=fn_nm_nm_1,0.0,117.0,7.0,0.1116613289299779
Jenny Slate,128,0.6640625,0.046875,0,2009.0,2010.0,1.0,0.0,0.0,1.0,0.0,1.0,0.0,0.0,0.0,0.0,0.0,https://www.imdb.com/name/nm2809577/?ref_=fn_nm_nm_1,0.0,22.0,0.0,0.0888349141245834
Pamela Stephenson,70,0.38571428571428573,0.07142857142857142,0,1984.0,1985.0,1.0,0.0,0.0,1.0,1.0,0.0,0.0,0.0,0.0,0.0,0.0,https://www.imdb.com/name/nm0827298/?ref_=fn_nm_nm_1,0.0,18.0,0.0,0.0933310806087017
Ben Stiller,502,0.6693227091633466,0.045816733067729085,0.037848605577689244,1989.0,1990.0,1.0,1.0,0.0,1.0,0.0,1.0,0.0,0.0,0.0,0.0,2.0,https://www.imdb.com/name/nm0001774/?ref_=fn_nm_nm_1,0.0,13.0,3.0,0.0877834354827433
Julia Sweeney,124,0.7258064516129032,0.24193548387096775,0.024193548387096774,1990.0,1994.0,4.0,0.0,0.0,4.0,4.0,0.0,0.0,0.0,0.0,0.0,0.0,https://www.imdb.com/name/nm0842140/?ref_=fn_nm_nm_1,0.0,78.0,1.0,0.1041074549649274
Kenan Thompson,197,0.7411167512690355,0.233502538071066,0.06598984771573604,2003.0,2021.0,18.0,0.0,0.0,18.0,16.0,2.0,0.0,0.0,0.0,0.0,0.0,https://www.imdb.com/name/nm0860380/?ref_=fn_nm_nm_1,0.0,367.0,1.0,0.1548474879531018
Danitra Vance,19,0.6842105263157895,0.2631578947368421,0,1985.0,1986.0,1.0,0.0,0.0,1.0,1.0,0.0,0.0,0.0,0.0,0.0,0.0,https://www.imdb.com/name/nm0888503/?ref_=fn_nm_nm_1,0.0,17.0,1.0,0.0932325044860292
Melissa Villaseñor,63,0.7301587301587301,0.12698412698412698,0.047619047619047616,2016.0,2021.0,5.0,0.0,0.0,5.0,3.0,2.0,0.0,0.0,0.0,0.0,0.0,https://www.imdb.com/name/nm3830257/?ref_=fn_nm_nm_1,0.0,105.0,0.0,0.106544778728065
Dan Vitale,12,0.4166666666666667,0.16666666666666666,0.08333333333333333,1985.0,1986.0,1.0,0.0,0.0,1.0,0.0,1.0,0.0,0.0,0.0,0.0,0.0,https://www.imdb.com/name/nm0899865/?ref_=fn_nm_nm_1,0.0,3.0,0.0,0.0864417049241453
Nancy Carell,29,0.896551724137931,0.2413793103448276,0.034482758620689655,1995.0,1996.0,1.0,0.0,0.0,1.0,1.0,0.0,0.0,0.0,0.0,0.0,0.0,https://www.imdb.com/name/nm0909391/?ref_=fn_nm_nm_1,0.0,17.0,5.0,0.0933420335112209
Michaela Watkins,156,0.6858974358974359,0.03205128205128205,0,2008.0,2009.0,1.0,0.0,0.0,1.0,0.0,1.0,0.0,0.0,0.0,0.0,0.0,https://www.imdb.com/name/nm1143861/?ref_=fn_nm_nm_1,0.0,15.0,0.0,0.0879532054717904
Damon Wayans,142,0.6619718309859155,0.056338028169014086,0.035211267605633804,1985.0,1986.0,1.0,0.0,0.0,1.0,0.0,1.0,0.0,0.0,0.0,0.0,1.0,https://www.imdb.com/name/nm0001834/?ref_=fn_nm_nm_1,0.0,11.0,2.0,0.0875041364685045
Patrick Weathers,20,0.2,0.05,0,1980.0,1981.0,1.0,0.0,0.0,1.0,0.0,1.0,0.0,0.0,0.0,0.0,0.0,https://www.imdb.com/name/nm0915778/?ref_=fn_nm_nm_1,0.0,10.0,0.0,0.0873234135769383
Noël Wells,44,0.5681818181818182,0.1590909090909091,0.022727272727272728,2013.0,2015.0,2.0,0.0,0.0,2.0,0.0,2.0,0.0,0.0,0.0,0.0,0.0,https://www.imdb.com/name/nm3644706/?ref_=fn_nm_nm_1,0.0,21.0,0.0,0.089772785532847
Brooks Wheelan,44,0.7727272727272727,0.13636363636363635,0.022727272727272728,2013.0,2014.0,1.0,0.0,0.0,1.0,0.0,1.0,0.0,0.0,0.0,0.0,0.0,https://www.imdb.com/name/nm5120390/?ref_=fn_nm_nm_1,0.0,21.0,0.0,0.088708955745613
Kristen Wiig,247,0.7773279352226721,0.20242914979757085,0.09716599190283401,2005.0,2012.0,7.0,0.0,0.0,7.0,6.0,1.0,0.0,0.0,0.0,0.0,4.0,https://www.imdb.com/name/nm1325419/?ref_=fn_nm_nm_1,0.0,139.0,7.0,0.1144324132673273
Casey Wilson,177,0.7627118644067796,0.062146892655367235,0.005649717514124294,2008.0,2009.0,2.0,0.0,0.0,2.0,0.0,2.0,0.0,0.0,0.0,0.0,0.0,https://www.imdb.com/name/nm1988111/?ref_=fn_nm_nm_1,0.0,30.0,0.0,0.0909064109435809
Sasheer Zamata,93,0.7204301075268817,0.0967741935483871,0.021505376344086023,2014.0,2017.0,4.0,0.0,0.0,4.0,3.0,1.0,0.0,0.0,0.0,0.0,0.0,https://www.imdb.com/name/nm3550886/?ref_=fn_nm_nm_1,0.0,74.0,0.0,0.1023262391927478
Alan Zweibel,61,0.9016393442622951,0.32786885245901637,0.18032786885245902,1980.0,1980.0,1.0,5.0,0.0,1.0,0.0,1.0,0.0,0.0,0.0,0.0,0.0,https://www.imdb.com/name/nm0958993/?ref_=fn_nm_nm_1,109.0,52.0,0.0,0.1057461956141782
Tim Kazurinsky,74,0.47297297297297297,0.08108108108108109,0,1981.0,1984.0,4.0,3.0,0.0,4.0,4.0,0.0,0.0,0.0,0.0,0.0,0.0,https://www.imdb.com/name/nm0443730/?ref_=fn_nm_nm_1,60.0,57.0,4.0,0.1087733914380928
Laura Kightlinger,97,0.7422680412371134,0.061855670103092786,0.041237113402061855,1994.0,1995.0,1.0,1.0,0.0,1.0,0.0,1.0,0.0,0.0,0.0,0.0,0.0,https://www.imdb.com/name/nm0452716/?ref_=fn_nm_nm_1,20.0,19.0,1.0,0.0908940597981869
Tim Robinson,45,0.7777777777777778,0.28888888888888886,0.1111111111111111,2012.0,2016.0,4.0,3.0,0.0,1.0,0.0,1.0,0.0,0.0,0.0,0.0,0.0,https://www.imdb.com/name/nm4200503/?ref_=fn_nm_nm_1,68.0,21.0,0.0,0.0363432161916524
Tony Rosato,99,0.25252525252525254,0.04040404040404041,0,1981.0,1982.0,2.0,1.0,0.0,2.0,2.0,0.0,0.0,0.0,0.0,0.0,0.0,https://www.imdb.com/name/nm0711014/?ref_=fn_nm_nm_1,21.0,20.0,1.0,0.0972043298921022
Adam Sandler,407,0.8058968058968059,0.16216216216216217,0.0687960687960688,1990.0,1995.0,5.0,3.0,0.0,5.0,2.0,1.0,2.0,0.0,0.0,1.0,1.0,https://www.imdb.com/name/nm0001191/?ref_=fn_nm_nm_1,60.0,87.0,10.0,0.1107802661322271
Rob Schneider,257,0.6926070038910506,0.12062256809338522,0.038910505836575876,1989.0,1994.0,5.0,3.0,0.0,4.0,2.0,1.0,1.0,0.0,0.0,0.0,0.0,https://www.imdb.com/name/nm0001705/?ref_=fn_nm_nm_1,56.0,80.0,4.0,0.0922523362308032
Harry Shearer,338,0.6005917159763313,0.047337278106508875,0.011834319526627219,1979.0,1985.0,6.0,2.0,0.0,2.0,1.0,1.0,0.0,0.0,0.0,0.0,0.0,https://www.imdb.com/name/nm0733427/?ref_=fn_nm_nm_1,38.0,38.0,2.0,0.044969141556555
Martin Short,303,0.7392739273927392,0.13861386138613863,0.06930693069306931,1984.0,1985.0,1.0,1.0,0.0,1.0,1.0,0.0,0.0,0.0,0.0,0.0,3.0,https://www.imdb.com/name/nm0001737/?ref_=fn_nm_nm_1,18.0,25.0,4.0,0.0964909929854815
Sarah Silverman,418,0.7081339712918661,0.06937799043062201,0.05502392344497608,1993.0,1994.0,1.0,1.0,0.0,1.0,0.0,1.0,0.0,0.0,0.0,0.0,1.0,https://www.imdb.com/name/nm0798971/?ref_=fn_nm_nm_1,20.0,18.0,1.0,0.0907681014192165
Robert Smigel,146,0.9041095890410958,0.3082191780821918,0.1506849315068493,1985.0,2008.0,23.0,22.0,0.0,2.0,0.0,2.0,0.0,0.0,0.0,0.0,0.0,https://www.imdb.com/name/nm0806912/?ref_=fn_nm_nm_1,425.0,107.0,140.0,0.1003752711628618
David Spade,307,0.8078175895765473,0.1563517915309446,0.06840390879478828,1989.0,1996.0,7.0,3.0,0.0,6.0,3.0,1.0,2.0,0.0,0.0,1.0,2.0,https://www.imdb.com/name/nm0005450/?ref_=fn_nm_nm_1,57.0,79.0,44.0,0.1004698096059285
Jason Sudeikis,218,0.7981651376146789,0.1651376146788991,0.04128440366972477,2003.0,2013.0,10.0,2.0,0.0,9.0,8.0,1.0,0.0,0.0,0.0,0.0,0.0,https://www.imdb.com/name/nm0837177/?ref_=fn_nm_nm_1,37.0,177.0,4.0,0.1180002913005989
Jason Sudeikis,218,0.7981651376146789,0.1651376146788991,0.04128440366972477,2003.0,2005.0,2.0,2.0,0.0,0.0,0.0,0.0,0.0,0.0,0.0,0.0,1.0,https://www.imdb.com/name/nm0837177/?ref_=fn_nm_nm_1,37.0,177.0,4.0,0.0289896530027265
Jason Sudeikis,218,0.7981651376146789,0.1651376146788991,0.04128440366972477,2003.0,2013.0,10.0,2.0,0.0,9.0,8.0,1.0,0.0,0.0,0.0,0.0,0.0,https://www.imdb.com/name/nm0837177/?ref_=fn_nm_nm_1,37.0,177.0,4.0,0.1180002913005989
Jason Sudeikis,218,0.7981651376146789,0.1651376146788991,0.04128440366972477,2003.0,2005.0,2.0,2.0,0.0,0.0,0.0,0.0,0.0,0.0,0.0,0.0,1.0,https://www.imdb.com/name/nm0837177/?ref_=fn_nm_nm_1,37.0,177.0,4.0,0.0289896530027265
Terry Sweeney,23,0.6521739130434783,0.17391304347826086,0,1980.0,1986.0,6.0,2.0,0.0,1.0,1.0,0.0,0.0,0.0,0.0,0.0,0.0,https://www.imdb.com/name/nm0842202/?ref_=fn_nm_nm_1,31.0,18.0,1.0,0.027412551560206
Bowen Yang,32,0.6875,0.21875,0.15625,2019.0,2021.0,2.0,1.0,0.0,2.0,0.0,2.0,0.0,0.0,0.0,0.0,0.0,https://www.imdb.com/name/nm6299248/?ref_=fn_nm_nm_1,0.0,42.0,0.0,0.092417911491226
Anne Beatts,45,0.7111111111111111,0.3111111111111111,0.06666666666666667,1975.0,1980.0,5.0,5.0,0.0,0.0,0.0,0.0,0.0,0.0,0.0,0.0,0.0,https://www.imdb.com/name/nm0064186/?ref_=fn_nm_nm_1,107.0,41.0,0.0,0.0233750087390179
Lorne Michaels,283,0.8798586572438163,0.7314487632508834,0.3957597173144876,1975.0,2021.0,41.0,41.0,1.0,0.0,0.0,0.0,0.0,0.0,0.0,0.0,0.0,https://www.imdb.com/name/nm0584427/?ref_=fn_nm_nm_1,815.0,6.0,894.0,1.0
Marilyn Suzanne Miller,20,0.9,0.55,0.05,1975.0,1995.0,7.0,7.0,0.0,0.0,0.0,0.0,0.0,0.0,0.0,0.0,0.0,https://www.imdb.com/name/nm0588897/?ref_=fn_nm_nm_1,137.0,20.0,1.0,0.0264993824427303
Herbert Sargent,21,0.7619047619047619,0.5238095238095238,0.19047619047619047,1975.0,1995.0,16.0,16.0,2.0,0.0,0.0,0.0,0.0,0.0,0.0,0.0,0.0,https://www.imdb.com/name/nm0765109/?ref_=fn_nm_nm_1,330.0,0.0,0.0,0.0755303127403229
Rosie Shuster,23,0.9565217391304348,0.6086956521739131,0.17391304347826086,1975.0,1988.0,8.0,8.0,0.0,0.0,0.0,0.0,0.0,0.0,0.0,0.0,0.0,https://www.imdb.com/name/nm0776874/?ref_=fn_nm_nm_1,159.0,44.0,1.0,0.0332368157348931
Bruce McCall (I),7,0.7142857142857143,0.14285714285714285,0,1976.0,1977.0,1.0,1.0,0.0,0.0,0.0,0.0,0.0,0.0,0.0,0.0,0.0,https://www.imdb.com/name/nm0564620/?ref_=fn_nm_nm_1,7.0,0.0,0.0,0.0019072032812099
Neil Levy,7,0.5714285714285714,0.5714285714285714,0,1977.0,1978.0,1.0,1.0,0.0,0.0,0.0,0.0,0.0,0.0,0.0,0.0,0.0,https://www.imdb.com/name/nm0506561/?ref_=fn_nm_nm_1,16.0,53.0,3.0,0.0097494814849339
Brian McConnachie,32,0.65625,0.125,0.03125,1978.0,1979.0,1.0,1.0,0.0,0.0,0.0,0.0,0.0,0.0,0.0,0.0,0.0,https://www.imdb.com/name/nm0566234/?ref_=fn_nm_nm_1,23.0,3.0,0.0,0.0042127892614947
Walter Williams,19,0.42105263157894735,0.2631578947368421,0,1978.0,1979.0,1.0,1.0,0.0,0.0,0.0,0.0,0.0,0.0,0.0,0.0,0.0,https://www.imdb.com/name/nm0931906/?ref_=fn_nm_nm_1,23.0,25.0,25.0,0.007668430006292
Tom Gammill,43,0.9302325581395349,0.11627906976744186,0.09302325581395349,1979.0,1980.0,1.0,1.0,0.0,0.0,0.0,0.0,0.0,0.0,0.0,0.0,0.0,https://www.imdb.com/name/nm0303991/?ref_=fn_nm_nm_1,20.0,12.0,0.0,0.004984968889096
Matt Neuman,13,0.8461538461538461,0.15384615384615385,0.07692307692307693,1979.0,1981.0,2.0,2.0,0.0,0.0,0.0,0.0,0.0,0.0,0.0,0.0,0.0,https://www.imdb.com/name/nm1238470/?ref_=fn_nm_nm_1,21.0,1.0,0.0,0.0047837384353662
Sarah Paley,4,0.75,0.75,0.5,1979.0,1980.0,1.0,1.0,0.0,0.0,0.0,0.0,0.0,0.0,0.0,0.0,0.0,https://www.imdb.com/name/nm1238548/?ref_=fn_nm_nm_1,20.0,10.0,0.0,0.0047330521311551
Max Pross,38,0.9736842105263158,0.13157894736842105,0.10526315789473684,1979.0,1980.0,1.0,1.0,0.0,0.0,0.0,0.0,0.0,0.0,0.0,0.0,0.0,https://www.imdb.com/name/nm0698795/?ref_=fn_nm_nm_1,20.0,14.0,1.0,0.0052642679033348
Larry Arnstein,12,0.75,0.08333333333333333,0,1980.0,1981.0,1.0,1.0,0.0,0.0,0.0,0.0,0.0,0.0,0.0,0.0,0.0,https://www.imdb.com/name/nm0036784/?ref_=fn_nm_nm_1,12.0,0.0,0.0,0.0025096129197641
Barry W. Blaustein,22,0.7727272727272727,0.045454545454545456,0,1980.0,1983.0,3.0,3.0,0.0,0.0,0.0,0.0,0.0,0.0,0.0,0.0,0.0,https://www.imdb.com/name/nm0087904/?ref_=fn_nm_nm_1,55.0,1.0,22.0,0.0105463634033231
Billy Brown (X),17,0.29411764705882354,0.058823529411764705,0,1980.0,1981.0,1.0,1.0,0.0,0.0,0.0,0.0,0.0,0.0,0.0,0.0,0.0,https://www.imdb.com/name/nm0113126/?ref_=fn_nm_nm_1,13.0,0.0,0.0,0.002630094847475
Ferris Butler,1,1.0,1.0,0,1980.0,1981.0,1.0,1.0,0.0,0.0,0.0,0.0,0.0,0.0,0.0,0.0,0.0,https://www.imdb.com/name/nm2953521/?ref_=fn_nm_nm_1,12.0,0.0,0.0,0.0025096129197641
John DeBellis,16,0.625,0.0625,0,1980.0,1981.0,1.0,1.0,0.0,0.0,0.0,0.0,0.0,0.0,0.0,0.0,0.0,https://www.imdb.com/name/nm0213377/?ref_=fn_nm_nm_1,12.0,0.0,0.0,0.0025096129197641
Jean Doumanian,42,0.5714285714285714,0.35714285714285715,0,1980.0,1981.0,1.0,1.0,0.0,0.0,0.0,0.0,0.0,0.0,0.0,0.0,0.0,https://www.imdb.com/name/nm0235389/?ref_=fn_nm_nm_1,13.0,0.0,109.0,0.0056147607839481
Nancy Dowd,13,0.07692307692307693,0.07692307692307693,0,1980.0,1981.0,1.0,1.0,0.0,0.0,0.0,0.0,0.0,0.0,0.0,0.0,0.0,https://www.imdb.com/name/nm0235683/?ref_=fn_nm_nm_1,2.0,0.0,0.0,0.0013047936426557
Leslie Fuller (III),7,0.2857142857142857,0.14285714285714285,0,1980.0,1981.0,1.0,1.0,0.0,0.0,0.0,0.0,0.0,0.0,0.0,0.0,0.0,https://www.imdb.com/name/nm1392887/?ref_=fn_nm_nm_1,10.0,0.0,0.0,0.0022686490643424
Mel Green (II),2,0.5,0.5,0,1980.0,1981.0,1.0,1.0,0.0,0.0,0.0,0.0,0.0,0.0,0.0,0.0,0.0,https://www.imdb.com/name/nm0338154/?ref_=fn_nm_nm_1,13.0,0.0,0.0,0.002630094847475
David Hurwitz,11,0.5454545454545454,0.09090909090909091,0,1980.0,1981.0,1.0,1.0,0.0,0.0,0.0,0.0,0.0,0.0,0.0,0.0,0.0,https://www.imdb.com/name/nm0403791/?ref_=fn_nm_nm_3,12.0,0.0,0.0,0.0025096129197641
Judith Belushi-Pisano,21,0.9047619047619048,0.2857142857142857,0.09523809523809523,1980.0,1981.0,1.0,1.0,0.0,0.0,0.0,0.0,0.0,0.0,0.0,0.0,0.0,https://www.imdb.com/name/nm0413147/?ref_=fn_nm_nm_1,1.0,0.0,1.0,0.0012116939712428
Sean Kelly (V),21,0.42857142857142855,0.09523809523809523,0.047619047619047616,1980.0,1981.0,1.0,1.0,0.0,0.0,0.0,0.0,0.0,0.0,0.0,0.0,0.0,https://www.imdb.com/name/nm0446859/?ref_=fn_nm_nm_1,2.0,0.0,0.0,0.0013047936426557
Mitchell Kriegman,30,0.36666666666666664,0.03333333333333333,0,1980.0,1981.0,1.0,1.0,0.0,0.0,0.0,0.0,0.0,0.0,0.0,0.0,0.0,https://www.imdb.com/name/nm0471233/?ref_=fn_nm_nm_1,5.0,5.0,1.0,0.0023234135769383
Patricia Marx,11,0.36363636363636365,0.09090909090909091,0,1980.0,1981.0,1.0,1.0,0.0,0.0,0.0,0.0,0.0,0.0,0.0,0.0,0.0,https://www.imdb.com/name/nm0555658/?ref_=fn_nm_nm_1,12.0,0.0,0.0,0.0025096129197641
Douglas McGrath,40,0.425,0.025,0,1980.0,1981.0,1.0,1.0,0.0,0.0,0.0,0.0,0.0,0.0,0.0,0.0,0.0,https://www.imdb.com/name/nm0569790/?ref_=fn_nm_nm_2,13.0,1.0,0.0,0.0027560532264454
Tom Moore (III),24,0.4583333333333333,0.041666666666666664,0,1980.0,1981.0,1.0,1.0,1.0,0.0,0.0,0.0,0.0,0.0,0.0,0.0,0.0,https://www.imdb.com/name/nm0601964/?ref_=fn_nm_nm_1,1.0,0.0,0.0,0.1511843117149448
Pamela Norris,21,0.47619047619047616,0.047619047619047616,0,1980.0,1984.0,4.0,4.0,0.0,0.0,0.0,0.0,0.0,0.0,0.0,0.0,0.0,https://www.imdb.com/name/nm0635873/?ref_=fn_nm_nm_1,65.0,1.0,0.0,0.0122126028291114
Mark Reisman,19,0.631578947368421,0.05263157894736842,0,1980.0,1981.0,1.0,1.0,0.0,0.0,0.0,0.0,0.0,0.0,0.0,0.0,0.0,https://www.imdb.com/name/nm0718459/?ref_=fn_nm_nm_1,4.0,0.0,0.0,0.0015457574980774
David Sheffield,16,0.9375,0.0625,0,1980.0,1983.0,3.0,3.0,0.0,0.0,0.0,0.0,0.0,0.0,0.0,0.0,0.0,https://www.imdb.com/name/nm0790775/?ref_=fn_nm_nm_1,55.0,1.0,39.0,0.0110118617603877
Jeremy Stevens,15,0.8666666666666667,0.06666666666666667,0,1980.0,1981.0,1.0,1.0,1.0,0.0,0.0,0.0,0.0,0.0,0.0,0.0,0.0,https://www.imdb.com/name/nm0828484/?ref_=fn_nm_nm_1,2.0,0.0,0.0,0.1513047936426557
Bob Tischler,12,0.75,0.16666666666666666,0.08333333333333333,1980.0,1985.0,5.0,5.0,4.0,0.0,0.0,0.0,0.0,0.0,0.0,0.0,0.0,https://www.imdb.com/name/nm0864293/?ref_=fn_nm_nm_1,74.0,0.0,78.0,0.1363706275780103
Mason Williams,14,0.35714285714285715,0.07142857142857142,0,1980.0,1981.0,1.0,1.0,1.0,0.0,0.0,0.0,0.0,0.0,0.0,0.0,0.0,https://www.imdb.com/name/nm0931281/?ref_=fn_nm_nm_1,2.0,0.0,0.0,0.1513047936426557
Dirk Wittenborn,6,0.16666666666666666,0.16666666666666666,0,1980.0,1981.0,1.0,1.0,0.0,0.0,0.0,0.0,0.0,0.0,0.0,0.0,0.0,https://www.imdb.com/name/nm0936999/?ref_=fn_nm_nm_1,1.0,0.0,0.0,0.0011843117149448
Joe Bodolai,9,0.3333333333333333,0.1111111111111111,0,1981.0,1982.0,1.0,1.0,0.0,0.0,0.0,0.0,0.0,0.0,0.0,0.0,0.0,https://www.imdb.com/name/nm1188688/?ref_=fn_nm_nm_1,20.0,0.0,0.0,0.0034734683414509
Nate Herman,3,0.6666666666666666,0.3333333333333333,0,1981.0,1985.0,4.0,4.0,0.0,0.0,0.0,0.0,0.0,0.0,0.0,0.0,0.0,https://www.imdb.com/name/nm2953522/?ref_=fn_nm_nm_1,76.0,3.0,0.0,0.0137898207918715
Nelson Lyon,5,0.2,0.2,0,1981.0,1982.0,1.0,1.0,0.0,0.0,0.0,0.0,0.0,0.0,0.0,0.0,0.0,https://www.imdb.com/name/nm0528962/?ref_=fn_nm_nm_1,20.0,2.0,0.0,0.0037253850993917
Mark O'Donnell (IV),4,0.75,0.25,0,1981.0,1982.0,1.0,1.0,0.0,0.0,0.0,0.0,0.0,0.0,0.0,0.0,0.0,https://www.imdb.com/name/nm2843346/?ref_=fn_nm_nm_1,20.0,0.0,0.0,0.0034734683414509
Margaret Oberman,11,0.5454545454545454,0.09090909090909091,0,1981.0,1985.0,4.0,4.0,0.0,0.0,0.0,0.0,0.0,0.0,0.0,0.0,0.0,https://www.imdb.com/name/nm0643315/?ref_=fn_nm_nm_1,72.0,0.0,0.0,0.0129300179441168
Andrew Smith (III),15,0.6666666666666666,0.13333333333333333,0.06666666666666667,1981.0,1985.0,4.0,4.0,2.0,0.0,0.0,0.0,0.0,0.0,0.0,0.0,0.0,https://www.imdb.com/name/nm0807308/?ref_=fn_nm_nm_1,72.0,3.0,0.0,0.0883078930810281
Terry Southern,10,0.3,0.1,0,1981.0,1982.0,1.0,1.0,0.0,0.0,0.0,0.0,0.0,0.0,0.0,0.0,0.0,https://www.imdb.com/name/nm0816143/?ref_=fn_nm_nm_1,20.0,0.0,0.0,0.0034734683414509
Eliot Wald,7,0.8571428571428571,0.2857142857142857,0,1981.0,1985.0,4.0,4.0,0.0,0.0,0.0,0.0,0.0,0.0,0.0,0.0,0.0,https://www.imdb.com/name/nm0906997/?ref_=fn_nm_nm_1,77.0,0.0,1.0,0.013559809838969
Andrew Kurtzman,6,1.0,0.16666666666666666,0,1982.0,1985.0,3.0,3.0,0.0,0.0,0.0,0.0,0.0,0.0,0.0,0.0,0.0,https://www.imdb.com/name/nm0476065/?ref_=fn_nm_nm_1,57.0,0.0,1.0,0.0100863414975181
Ellen L. Fogle,10,0.7,0.2,0.1,1982.0,1983.0,1.0,1.0,0.0,0.0,0.0,0.0,0.0,0.0,0.0,0.0,0.0,https://www.imdb.com/name/nm0283941/?ref_=fn_nm_nm_1,20.0,0.0,0.0,0.0034734683414509
Tracy Tormé,19,0.3157894736842105,0.05263157894736842,0,1982.0,1983.0,1.0,1.0,0.0,0.0,0.0,0.0,0.0,0.0,0.0,0.0,0.0,https://www.imdb.com/name/nm0868124/?ref_=fn_nm_nm_1,19.0,0.0,0.0,0.00335298641374
Andy Breckman,39,0.7692307692307693,0.23076923076923078,0.02564102564102564,1983.0,1987.0,3.0,3.0,0.0,0.0,0.0,0.0,0.0,0.0,0.0,0.0,0.0,https://www.imdb.com/name/nm0106563/?ref_=fn_nm_nm_1,63.0,9.0,3.0,0.0119976229871128
Adam Green (II),5,0.6,0.4,0.2,1983.0,1984.0,1.0,1.0,0.0,0.0,0.0,0.0,0.0,0.0,0.0,0.0,0.0,https://www.imdb.com/name/nm0337580/?ref_=fn_nm_nm_1,19.0,0.0,0.0,0.00335298641374
Kevin Kelton,16,0.625,0.0625,0,1983.0,1985.0,2.0,2.0,0.0,0.0,0.0,0.0,0.0,0.0,0.0,0.0,0.0,https://www.imdb.com/name/nm0447124/?ref_=fn_nm_nm_1,37.0,2.0,0.0,0.0068374076577101
Michael C. McCarthy,31,0.5483870967741935,0.06451612903225806,0,1983.0,1984.0,1.0,1.0,0.0,0.0,0.0,0.0,0.0,0.0,0.0,0.0,0.0,https://www.imdb.com/name/nm0565258/?ref_=fn_nm_nm_1,18.0,0.0,0.0,0.0032325044860292
Larry David,142,0.852112676056338,0.1056338028169014,0.07042253521126761,1984.0,1985.0,1.0,1.0,0.0,0.0,0.0,0.0,0.0,0.0,0.0,0.0,0.0,https://www.imdb.com/name/nm0202970/?ref_=fn_nm_nm_1,18.0,18.0,3.0,0.0055819020763906
Rob Riley (I),23,0.34782608695652173,0.043478260869565216,0,1984.0,1985.0,1.0,1.0,0.0,0.0,0.0,0.0,0.0,0.0,0.0,0.0,0.0,https://www.imdb.com/name/nm0726988/?ref_=fn_nm_nm_1,17.0,1.0,0.0,0.0032379809372888
Jack Handey,17,0.5882352941176471,0.4117647058823529,0.058823529411764705,1985.0,2001.0,10.0,10.0,0.0,0.0,0.0,0.0,0.0,0.0,0.0,0.0,0.0,https://www.imdb.com/name/nm0359532/?ref_=fn_nm_nm_1,179.0,0.0,80.0,0.0343951434364149
Lanier Laney,7,1.0,0.14285714285714285,0,1985.0,1986.0,1.0,1.0,0.0,0.0,0.0,0.0,0.0,0.0,0.0,0.0,0.0,https://www.imdb.com/name/nm0485640/?ref_=fn_nm_nm_1,18.0,2.0,0.0,0.00348442124397
Carol Leifer,114,0.7280701754385965,0.06140350877192982,0.043859649122807015,1985.0,1986.0,1.0,1.0,0.0,0.0,0.0,0.0,0.0,0.0,0.0,0.0,0.0,https://www.imdb.com/name/nm0500140/?ref_=fn_nm_nm_1,18.0,4.0,0.0,0.0037363380019109
George Meyer,13,0.9230769230769231,0.23076923076923078,0,1985.0,1989.0,4.0,4.0,0.0,0.0,0.0,0.0,0.0,0.0,0.0,0.0,0.0,https://www.imdb.com/name/nm0583127/?ref_=fn_nm_nm_1,71.0,0.0,0.0,0.012809536016406
Bruce McCulloch,65,0.7538461538461538,0.13846153846153847,0.09230769230769231,1985.0,1986.0,1.0,1.0,0.0,0.0,0.0,0.0,0.0,0.0,0.0,0.0,0.0,https://www.imdb.com/name/nm0567126/?ref_=fn_nm_nm_1,0.0,3.0,3.0,0.001523851693039
Richard Rosen (IV),7,0.7142857142857143,0.14285714285714285,0,1985.0,1986.0,1.0,1.0,0.0,0.0,0.0,0.0,0.0,0.0,0.0,0.0,0.0,https://www.imdb.com/name/nm2399917/?ref_=fn_nm_nm_1,3.0,0.0,0.0,0.0014252755703665
Suzy Schneider,1,1.0,1.0,0,1985.0,1986.0,1.0,1.0,0.0,0.0,0.0,0.0,0.0,0.0,0.0,0.0,0.0,https://www.imdb.com/name/nm2954512/?ref_=fn_nm_nm_1,6.0,0.0,0.0,0.0017867213534991
John Swartzwelder,8,0.75,0.125,0,1985.0,1986.0,1.0,1.0,0.0,0.0,0.0,0.0,0.0,0.0,0.0,0.0,0.0,https://www.imdb.com/name/nm0841990/?ref_=fn_nm_nm_1,18.0,4.0,0.0,0.0037363380019109
E. Jean Carroll,10,0.8,0.3,0,1986.0,1987.0,1.0,1.0,0.0,0.0,0.0,0.0,0.0,0.0,0.0,0.0,0.0,https://www.imdb.com/name/nm0140800/?ref_=fn_nm_nm_1,18.0,0.0,0.0,0.0032325044860292
Marc Shaiman,88,0.625,0.09090909090909091,0.03409090909090909,1986.0,1989.0,2.0,2.0,0.0,0.0,0.0,0.0,0.0,0.0,0.0,0.0,0.0,https://www.imdb.com/name/nm0003299/?ref_=fn_nm_nm_1,20.0,12.0,4.0,0.0061583277015217
Bonnie Turner,19,0.9473684210526315,0.3684210526315789,0.05263157894736842,1986.0,1992.0,6.0,6.0,0.0,0.0,0.0,0.0,0.0,0.0,0.0,0.0,0.0,https://www.imdb.com/name/nm0877425/?ref_=fn_nm_nm_1,130.0,13.0,1.0,0.0237104705087273
Terry Turner,17,1.0,0.4117647058823529,0.058823529411764705,1986.0,1992.0,6.0,6.0,0.0,0.0,0.0,0.0,0.0,0.0,0.0,0.0,0.0,https://www.imdb.com/name/nm0877901/?ref_=fn_nm_nm_1,130.0,8.0,2.0,0.0231080608701731
Jon Vitti,16,0.6875,0.0625,0,1986.0,1987.0,1.0,1.0,0.0,0.0,0.0,0.0,0.0,0.0,0.0,0.0,0.0,https://www.imdb.com/name/nm0900140/?ref_=fn_nm_nm_1,20.0,0.0,0.0,0.0034734683414509
Christine Zander,26,0.7692307692307693,0.15384615384615385,0,1986.0,1993.0,7.0,7.0,0.0,0.0,0.0,0.0,0.0,0.0,0.0,0.0,0.0,https://www.imdb.com/name/nm0952863/?ref_=fn_nm_nm_1,130.0,22.0,0.0,0.0258805434503973
Greg Daniels,38,0.8157894736842105,0.10526315789473684,0.02631578947368421,1987.0,1990.0,3.0,3.0,0.0,0.0,0.0,0.0,0.0,0.0,0.0,0.0,0.0,https://www.imdb.com/name/nm0199948/?ref_=fn_nm_nm_1,53.0,0.0,0.0,0.0095770315303768
Conan O'Brien,338,0.6863905325443787,0.10059171597633136,0.06804733727810651,1987.0,1991.0,4.0,4.0,0.0,0.0,0.0,0.0,0.0,0.0,0.0,0.0,0.0,https://www.imdb.com/name/nm0005277/?ref_=fn_nm_nm_1,72.0,21.0,2.0,0.0156299084150917
Bob Odenkirk,291,0.711340206185567,0.07560137457044673,0.05154639175257732,1987.0,1991.0,4.0,4.0,0.0,0.0,0.0,0.0,0.0,0.0,0.0,0.0,0.0,https://www.imdb.com/name/nm0644022/?ref_=fn_nm_nm_1,131.0,13.0,1.0,0.0217032928619701
John Bowman,32,0.8125,0.09375,0,1988.0,1989.0,1.0,1.0,0.0,0.0,0.0,0.0,0.0,0.0,0.0,0.0,0.0,https://www.imdb.com/name/nm0101337/?ref_=fn_nm_nm_1,21.0,2.0,0.0,0.0038458670271026
Shannon Gaughan,7,0.8571428571428571,0.2857142857142857,0,1988.0,1989.0,1.0,1.0,0.0,0.0,0.0,0.0,0.0,0.0,0.0,0.0,0.0,https://www.imdb.com/name/nm0969183/?ref_=fn_nm_nm_1,20.0,0.0,0.0,0.0034734683414509
Tom Hymes,5,0.4,0.4,0,1989.0,1990.0,1.0,1.0,0.0,0.0,0.0,0.0,0.0,0.0,0.0,0.0,0.0,https://www.imdb.com/name/nm1631821/?ref_=fn_nm_nm_1,16.0,0.0,0.0,0.0029915406306075
Dan McGrath (I),9,0.7777777777777778,0.1111111111111111,0,1990.0,1992.0,2.0,2.0,0.0,0.0,0.0,0.0,0.0,0.0,0.0,0.0,0.0,https://www.imdb.com/name/nm0569775/?ref_=fn_nm_nm_1,36.0,0.0,0.0,0.0064650089720584
Andy Robin (I),10,0.8,0.1,0,1990.0,1991.0,1.0,1.0,0.0,0.0,0.0,0.0,0.0,0.0,0.0,0.0,0.0,https://www.imdb.com/name/nm0732165/?ref_=fn_nm_nm_1,18.0,1.0,0.0,0.0033584628649996
Warren Hutcherson,37,0.6216216216216216,0.05405405405405406,0.02702702702702703,1991.0,1993.0,2.0,2.0,0.0,0.0,0.0,0.0,0.0,0.0,0.0,0.0,0.0,https://www.imdb.com/name/nm0404209/?ref_=fn_nm_nm_1,40.0,3.0,1.0,0.007352194076111
Steve Koren,25,0.76,0.36,0.08,1991.0,1998.0,6.0,6.0,0.0,0.0,0.0,0.0,0.0,0.0,0.0,0.0,0.0,https://www.imdb.com/name/nm0466175/?ref_=fn_nm_nm_1,120.0,5.0,1.0,0.0214979841998555
Ian Maxtone-Graham,12,0.9166666666666666,0.3333333333333333,0.08333333333333333,1991.0,1995.0,4.0,4.0,0.0,0.0,0.0,0.0,0.0,0.0,0.0,0.0,0.0,https://www.imdb.com/name/nm0561631/?ref_=fn_nm_nm_1,61.0,3.0,0.0,0.0119825918762088
Bruce Handy,3,0.6666666666666666,0.3333333333333333,0,1992.0,1993.0,1.0,1.0,0.0,0.0,0.0,0.0,0.0,0.0,0.0,0.0,0.0,https://www.imdb.com/name/nm1554692/?ref_=fn_nm_nm_1,19.0,0.0,0.0,0.00335298641374
Dawna Kaufmann,4,1.0,0.25,0,1992.0,1993.0,1.0,1.0,0.0,0.0,0.0,0.0,0.0,0.0,0.0,0.0,0.0,https://www.imdb.com/name/nm0442126/?ref_=fn_nm_nm_1,18.0,0.0,0.0,0.0032325044860292
David Mandel,42,0.7380952380952381,0.09523809523809523,0.047619047619047616,1992.0,1995.0,3.0,3.0,0.0,0.0,0.0,0.0,0.0,0.0,0.0,0.0,0.0,https://www.imdb.com/name/nm0541635/?ref_=fn_nm_nm_1,61.0,2.0,0.0,0.0107928037100044
Vanessa Middleton,11,0.36363636363636365,0.09090909090909091,0,1992.0,1993.0,1.0,1.0,0.0,0.0,0.0,0.0,0.0,0.0,0.0,0.0,0.0,https://www.imdb.com/name/nm0585583/?ref_=fn_nm_nm_1,19.0,0.0,0.0,0.00335298641374
Glenn Rockowitz,4,0.75,0.25,0,1992.0,1993.0,1.0,1.0,0.0,0.0,0.0,0.0,0.0,0.0,0.0,0.0,0.0,https://www.imdb.com/name/nm1032308/?ref_=fn_nm_nm_1,6.0,0.0,0.0,0.0017867213534991
Dave Attell,133,0.7142857142857143,0.03759398496240601,0.015037593984962405,1993.0,1994.0,1.0,1.0,0.0,0.0,0.0,0.0,0.0,0.0,0.0,0.0,0.0,https://www.imdb.com/name/nm0040995/?ref_=fn_nm_nm_1,20.0,7.0,0.0,0.0043551769942438
Tony De Sena (I),29,0.6206896551724138,0.034482758620689655,0,1993.0,1994.0,1.0,1.0,0.0,0.0,0.0,0.0,0.0,0.0,0.0,0.0,0.0,https://www.imdb.com/name/nm1096215/?ref_=fn_nm_nm_1,20.0,0.0,0.0,0.0034734683414509
Tim Herlihy,35,0.9714285714285714,0.4,0.22857142857142856,1993.0,2000.0,7.0,7.0,1.0,0.0,0.0,0.0,0.0,0.0,0.0,0.0,0.0,https://www.imdb.com/name/nm0379056/?ref_=fn_nm_nm_1,137.0,1.0,60.0,0.0471502977924408
Steve Lookner,23,0.8260869565217391,0.043478260869565216,0,1993.0,1995.0,2.0,2.0,0.0,0.0,0.0,0.0,0.0,0.0,0.0,0.0,0.0,https://www.imdb.com/name/nm0382769/?ref_=fn_nm_nm_1,40.0,2.0,0.0,0.0071988534408426
Lewis Morton,15,1.0,0.13333333333333333,0,1993.0,1995.0,2.0,2.0,0.0,0.0,0.0,0.0,0.0,0.0,0.0,0.0,0.0,https://www.imdb.com/name/nm0608034/?ref_=fn_nm_nm_1,40.0,1.0,1.0,0.0071002773181701
Ross Abrash,18,0.8888888888888888,0.05555555555555555,0,1994.0,1998.0,4.0,4.0,0.0,0.0,0.0,0.0,0.0,0.0,0.0,0.0,0.0,https://www.imdb.com/name/nm1039205/?ref_=fn_nm_nm_1,80.0,0.0,0.0,0.0138938733658036
Norm Hiscock,16,0.6875,0.125,0.0625,1994.0,1997.0,3.0,3.0,0.0,0.0,0.0,0.0,0.0,0.0,0.0,0.0,0.0,https://www.imdb.com/name/nm0386780/?ref_=fn_nm_nm_1,60.0,4.0,1.0,0.0109516207965323
Brian Kelley (I),11,1.0,0.09090909090909091,0,1994.0,1995.0,1.0,1.0,0.0,0.0,0.0,0.0,0.0,0.0,0.0,0.0,0.0,https://www.imdb.com/name/nm0445877/?ref_=fn_nm_nm_1,20.0,0.0,0.0,0.0034734683414509
Margo Meyer,1,1.0,1.0,0,1994.0,1995.0,1.0,1.0,0.0,0.0,0.0,0.0,0.0,0.0,0.0,0.0,0.0,https://www.imdb.com/name/nm2953433/?ref_=fn_nm_nm_1,20.0,0.0,0.0,0.0034734683414509
Adam Resnick,13,0.6923076923076923,0.07692307692307693,0,1994.0,1995.0,1.0,1.0,0.0,0.0,0.0,0.0,0.0,0.0,0.0,0.0,0.0,https://www.imdb.com/name/nm0720304/?ref_=fn_nm_nm_1,20.0,0.0,0.0,0.0034734683414509
Drake Sather,16,0.875,0.0625,0,1994.0,1995.0,1.0,1.0,0.0,0.0,0.0,0.0,0.0,0.0,0.0,0.0,0.0,https://www.imdb.com/name/nm0766153/?ref_=fn_nm_nm_1,21.0,0.0,0.0,0.0035939502691617
Steve Higgins,63,0.9841269841269841,0.7301587301587301,0.1746031746031746,1995.0,2021.0,26.0,26.0,1.0,0.0,0.0,0.0,0.0,0.0,0.0,0.0,0.0,https://www.imdb.com/name/nm0383492/?ref_=fn_nm_nm_1,517.0,58.0,465.0,0.115756297022639
Cindy Caponera,29,0.7241379310344828,0.034482758620689655,0,1995.0,1998.0,3.0,3.0,0.0,0.0,0.0,0.0,0.0,0.0,0.0,0.0,0.0,https://www.imdb.com/name/nm0135359/?ref_=fn_nm_nm_1,60.0,10.0,0.0,0.011679988814057
Hugh Fink,46,0.5434782608695652,0.06521739130434782,0,1995.0,2002.0,7.0,7.0,0.0,0.0,0.0,0.0,0.0,0.0,0.0,0.0,0.0,https://www.imdb.com/name/nm0277813/?ref_=fn_nm_nm_1,141.0,5.0,2.0,0.0251193167253151
Tom Gianas,36,0.6944444444444444,0.08333333333333333,0,1995.0,1998.0,3.0,3.0,0.0,0.0,0.0,0.0,0.0,0.0,0.0,0.0,0.0,https://www.imdb.com/name/nm0316139/?ref_=fn_nm_nm_1,60.0,4.0,1.0,0.0109516207965323
Peter Gaulke,14,0.7142857142857143,0.07142857142857142,0,1995.0,1996.0,1.0,1.0,0.0,0.0,0.0,0.0,0.0,0.0,0.0,0.0,0.0,https://www.imdb.com/name/nm0310087/?ref_=fn_nm_nm_1,16.0,0.0,0.0,0.0029915406306075
Erin Fraser (III),1,1.0,1.0,0,1995.0,1996.0,1.0,1.0,0.0,0.0,0.0,0.0,0.0,0.0,0.0,0.0,0.0,https://www.imdb.com/name/nm0549524/?ref_=fn_nm_nm_1,18.0,0.0,0.0,0.0032325044860292
Adam McKay,171,0.7894736842105263,0.10526315789473684,0.04678362573099415,1995.0,2001.0,6.0,6.0,3.0,0.0,0.0,0.0,0.0,0.0,0.0,0.0,0.0,https://www.imdb.com/name/nm0570912/?ref_=fn_nm_nm_1,126.0,15.0,9.0,0.0986995176062082
Dennis McNicholas,17,0.8823529411764706,0.47058823529411764,0.11764705882352941,1995.0,2004.0,9.0,9.0,4.0,0.0,0.0,0.0,0.0,0.0,0.0,0.0,0.0,https://www.imdb.com/name/nm0574005/?ref_=fn_nm_nm_1,306.0,19.0,126.0,0.118951978125267
Lori Nasso,11,0.6363636363636364,0.09090909090909091,0,1995.0,1999.0,4.0,4.0,0.0,0.0,0.0,0.0,0.0,0.0,0.0,0.0,0.0,https://www.imdb.com/name/nm0621994/?ref_=fn_nm_nm_1,79.0,14.0,1.0,0.0155641909999766
Paula Pell,76,0.9342105263157895,0.3815789473684211,0.21052631578947367,1995.0,2009.0,14.0,14.0,2.0,0.0,0.0,0.0,0.0,0.0,0.0,0.0,0.0,https://www.imdb.com/name/nm0996134/?ref_=fn_nm_nm_1,311.0,66.0,4.0,0.0822148500051601
Frank Sebastiano,42,0.9761904761904762,0.11904761904761904,0.047619047619047616,1995.0,2006.0,11.0,9.0,0.0,0.0,0.0,0.0,0.0,0.0,0.0,0.0,0.0,https://www.imdb.com/name/nm0780980/?ref_=fn_nm_nm_1,173.0,3.0,1.0,0.0329507585467595
Andrew Steele (I),24,0.875,0.20833333333333334,0,1995.0,2008.0,13.0,13.0,4.0,0.0,0.0,0.0,0.0,0.0,0.0,0.0,0.0,https://www.imdb.com/name/nm0824482/?ref_=fn_nm_nm_1,240.0,1.0,0.0,0.0890252544174615
David Breckman,9,0.4444444444444444,0.1111111111111111,0,1996.0,1997.0,1.0,1.0,0.0,0.0,0.0,0.0,0.0,0.0,0.0,0.0,0.0,https://www.imdb.com/name/nm1184512/?ref_=fn_nm_nm_1,20.0,0.0,0.0,0.0034734683414509
Robert Carlock,28,1.0,0.5,0.42857142857142855,1996.0,2001.0,5.0,5.0,0.0,0.0,0.0,0.0,0.0,0.0,0.0,0.0,0.0,https://www.imdb.com/name/nm1061622/?ref_=fn_nm_nm_1,103.0,7.0,0.0,0.01861049614318
Stephen Colbert,312,0.6602564102564102,0.0641025641025641,0.05448717948717949,1996.0,1997.0,1.0,1.0,0.0,0.0,0.0,0.0,0.0,0.0,0.0,0.0,0.0,https://www.imdb.com/name/nm0170306/?ref_=fn_nm_nm_1,23.0,17.0,0.0,0.0059762065670807
Matt Piedmont,19,0.7894736842105263,0.2631578947368421,0,1996.0,2002.0,6.0,6.0,0.0,0.0,0.0,0.0,0.0,0.0,0.0,0.0,0.0,https://www.imdb.com/name/nm0682126/?ref_=fn_nm_nm_1,119.0,3.0,0.0,0.0210982032579058
Scott Wainio,7,0.5714285714285714,0.2857142857142857,0,1996.0,2003.0,7.0,7.0,0.0,0.0,0.0,0.0,0.0,0.0,0.0,0.0,0.0,https://www.imdb.com/name/nm0906511/?ref_=fn_nm_nm_1,139.0,7.0,1.0,0.0251028873715364
Michael McCullers,17,0.8235294117647058,0.29411764705882354,0.11764705882352941,1997.0,1998.0,1.0,1.0,0.0,0.0,0.0,0.0,0.0,0.0,0.0,0.0,0.0,https://www.imdb.com/name/nm0567112/?ref_=fn_nm_nm_1,20.0,0.0,0.0,0.0034734683414509
Michael Schur,42,0.8571428571428571,0.07142857142857142,0.023809523809523808,1997.0,2004.0,7.0,7.0,0.0,0.0,0.0,0.0,0.0,0.0,0.0,0.0,0.0,https://www.imdb.com/name/nm1321658/?ref_=fn_nm_nm_1,138.0,3.0,40.0,0.0255464799235627
Jerry Collins,18,0.8888888888888888,0.05555555555555555,0,1998.0,2000.0,2.0,2.0,0.0,0.0,0.0,0.0,0.0,0.0,0.0,0.0,0.0,https://www.imdb.com/name/nm0172381/?ref_=fn_nm_nm_1,39.0,0.0,0.0,0.0068264547551909
Steven Cragg,22,0.3181818181818182,0.045454545454545456,0,1998.0,2000.0,2.0,2.0,0.0,0.0,0.0,0.0,0.0,0.0,0.0,0.0,0.0,https://www.imdb.com/name/nm0185735/?ref_=fn_nm_nm_1,39.0,3.0,0.0,0.0072043298921022
Tony Daro,1,1.0,1.0,0,1998.0,2001.0,3.0,3.0,0.0,0.0,0.0,0.0,0.0,0.0,0.0,0.0,0.0,https://www.imdb.com/name/nm1720857/?ref_=fn_nm_nm_1,58.0,0.0,0.0,0.010179441168931
Richard Francese,7,0.7142857142857143,0.42857142857142855,0.14285714285714285,1998.0,2000.0,2.0,2.0,0.0,0.0,0.0,0.0,0.0,0.0,0.0,0.0,0.0,https://www.imdb.com/name/nm0289927/?ref_=fn_nm_nm_1,39.0,11.0,1.0,0.0082393791801635
Matt Graham (II),8,0.375,0.25,0.125,1998.0,1999.0,1.0,1.0,0.0,0.0,0.0,0.0,0.0,0.0,0.0,0.0,0.0,https://www.imdb.com/name/nm1757994/?ref_=fn_nm_nm_1,18.0,0.0,0.0,0.0032325044860292
Ray James,43,0.7906976744186046,0.09302325581395349,0.046511627906976744,1998.0,1999.0,1.0,1.0,0.0,0.0,0.0,0.0,0.0,0.0,0.0,0.0,0.0,https://www.imdb.com/name/nm0416853/?ref_=fn_nm_nm_2,22.0,1.0,0.0,0.003840390575843
T. Sean Shannon,22,0.8181818181818182,0.4090909090909091,0.13636363636363635,1998.0,2006.0,8.0,8.0,0.0,0.0,0.0,0.0,0.0,0.0,0.0,0.0,0.0,https://www.imdb.com/name/nm0780643/?ref_=fn_nm_nm_1,158.0,0.0,7.0,0.027738458670271
Kevin Brennan,16,0.875,0.125,0.0625,1999.0,2000.0,1.0,1.0,0.0,0.0,0.0,0.0,0.0,0.0,0.0,0.0,0.0,https://www.imdb.com/name/nm0996057/?ref_=fn_nm_nm_1,20.0,0.0,2.0,0.0035282328540467
Ali Reza,51,0.49019607843137253,0.058823529411764705,0.0392156862745098,1999.0,2000.0,1.0,1.0,0.0,0.0,0.0,0.0,0.0,0.0,0.0,0.0,0.0,https://www.imdb.com/name/nm0995946/?ref_=fn_nm_nm_1,17.0,0.0,0.0,0.0031120225583183
J.J. Philbin,15,0.4,0.06666666666666667,0,1999.0,2000.0,1.0,1.0,0.0,0.0,0.0,0.0,0.0,0.0,0.0,0.0,0.0,https://www.imdb.com/name/nm0679902/?ref_=fn_nm_nm_1,17.0,0.0,0.0,0.0031120225583183
James Anderson (XI),17,1.0,0.7058823529411765,0.29411764705882354,2000.0,2020.0,20.0,20.0,0.0,0.0,0.0,0.0,0.0,0.0,0.0,0.0,0.0,https://www.imdb.com/name/nm1318184/?ref_=fn_nm_nm_1,403.0,9.0,0.0,0.0709644380228845
Melanie Graham (I),11,0.45454545454545453,0.09090909090909091,0,2000.0,2001.0,1.0,1.0,0.0,0.0,0.0,0.0,0.0,0.0,0.0,0.0,0.0,https://www.imdb.com/name/nm0334218/?ref_=fn_nm_nm_1,20.0,0.0,0.0,0.0034734683414509
Erik Kenward,34,0.9411764705882353,0.8529411764705882,0.17647058823529413,2000.0,2021.0,21.0,21.0,0.0,0.0,0.0,0.0,0.0,0.0,0.0,0.0,0.0,https://www.imdb.com/name/nm1334502/?ref_=fn_nm_nm_1,417.0,0.0,210.0,0.0783316632098995
Jon Rosenfeld,2,0.5,0.5,0,2000.0,2001.0,1.0,1.0,0.0,0.0,0.0,0.0,0.0,0.0,0.0,0.0,0.0,https://www.imdb.com/name/nm1720897/?ref_=fn_nm_nm_1,18.0,0.0,0.0,0.0032325044860292
Doug Abeles,18,0.7222222222222222,0.3888888888888889,0.16666666666666666,2001.0,2011.0,10.0,10.0,0.0,0.0,0.0,0.0,0.0,0.0,0.0,0.0,0.0,https://www.imdb.com/name/nm1263023/?ref_=fn_nm_nm_1,197.0,3.0,66.0,0.0365583416839505
Max Brooks,39,0.41025641025641024,0.02564102564102564,0,2001.0,2003.0,2.0,2.0,0.0,0.0,0.0,0.0,0.0,0.0,0.0,0.0,0.0,https://www.imdb.com/name/nm0112150/?ref_=fn_nm_nm_1,40.0,0.0,0.0,0.0069469366829018
Louis C.K.,143,0.7622377622377622,0.14685314685314685,0.1048951048951049,2001.0,2004.0,3.0,3.0,0.0,0.0,0.0,0.0,0.0,0.0,0.0,0.0,4.0,https://www.imdb.com/name/nm0127373/?ref_=fn_nm_nm_1,15.0,0.0,4.0,0.0051082473025564
Charlie Grandy,14,0.7142857142857143,0.2857142857142857,0.14285714285714285,2001.0,2008.0,7.0,7.0,0.0,0.0,0.0,0.0,0.0,0.0,0.0,0.0,0.0,https://www.imdb.com/name/nm0334946/?ref_=fn_nm_nm_1,131.0,1.0,32.0,0.0242321316212626
Ken Scarborough,19,0.3157894736842105,0.05263157894736842,0,2001.0,2004.0,3.0,3.0,0.0,0.0,0.0,0.0,0.0,0.0,0.0,0.0,0.0,https://www.imdb.com/name/nm0769095/?ref_=fn_nm_nm_1,75.0,0.0,0.0,0.0122276339400153
Barry Sobel,16,0.5625,0.0625,0,2000.0,2001.0,1.0,1.0,0.0,0.0,0.0,0.0,0.0,0.0,0.0,0.0,0.0,https://www.imdb.com/name/nm0811746/?ref_=fn_nm_nm_1,20.0,0.0,0.0,0.0034734683414509
Leo Allen,36,0.7777777777777778,0.08333333333333333,0.05555555555555555,2002.0,2005.0,3.0,3.0,0.0,0.0,0.0,0.0,0.0,0.0,0.0,0.0,0.0,https://www.imdb.com/name/nm1179485/?ref_=fn_nm_nm_1,60.0,3.0,0.0,0.010798280161264
James Eagan,10,0.4,0.1,0,2002.0,2004.0,2.0,2.0,0.0,0.0,0.0,0.0,0.0,0.0,0.0,0.0,0.0,https://www.imdb.com/name/nm0247063/?ref_=fn_nm_nm_1,39.0,0.0,0.0,0.0068264547551909
Corwin Moore,1,1.0,1.0,0,2002.0,2003.0,1.0,1.0,0.0,0.0,0.0,0.0,0.0,0.0,0.0,0.0,0.0,https://www.imdb.com/name/nm0601074/?ref_=fn_nm_nm_1,20.0,0.0,0.0,0.0034734683414509
Eric Slovin,20,1.0,0.3,0.25,2002.0,2005.0,3.0,3.0,0.0,0.0,0.0,0.0,0.0,0.0,0.0,0.0,0.0,https://www.imdb.com/name/nm0806246/?ref_=fn_nm_nm_1,60.0,11.0,0.0,0.0118059471930274
Emily Spivey,22,0.9545454545454546,0.45454545454545453,0.22727272727272727,2002.0,2010.0,8.0,8.0,0.0,0.0,0.0,0.0,0.0,0.0,0.0,0.0,0.0,https://www.imdb.com/name/nm0819225/?ref_=fn_nm_nm_1,180.0,7.0,1.0,0.031106476194915
Jordan Black,114,0.43859649122807015,0.02631578947368421,0.017543859649122806,2003.0,2004.0,1.0,1.0,0.0,0.0,0.0,0.0,0.0,0.0,0.0,0.0,0.0,https://www.imdb.com/name/nm0085359/?ref_=fn_nm_nm_1,20.0,0.0,0.0,0.0034734683414509
Liz Cackowski,34,0.8529411764705882,0.17647058823529413,0.14705882352941177,2003.0,2006.0,3.0,3.0,0.0,0.0,0.0,0.0,0.0,0.0,0.0,0.0,0.0,https://www.imdb.com/name/nm1560199/?ref_=fn_nm_nm_1,59.0,5.0,0.0,0.010929714991494
David Iserson,12,0.5,0.16666666666666666,0.08333333333333333,2003.0,2004.0,1.0,1.0,0.0,0.0,0.0,0.0,0.0,0.0,0.0,0.0,0.0,https://www.imdb.com/name/nm1503347/?ref_=fn_nm_nm_1,20.0,0.0,0.0,0.0034734683414509
Joe Kelly,19,0.8421052631578947,0.2631578947368421,0.10526315789473684,2003.0,2013.0,3.0,3.0,0.0,0.0,0.0,0.0,0.0,0.0,0.0,0.0,0.0,https://www.imdb.com/name/nm1918708/?ref_=fn_nm_nm_1,59.0,1.0,0.0,0.0104258814756123
John Lutz,56,0.75,0.17857142857142858,0.10714285714285714,2003.0,2010.0,7.0,7.0,0.0,0.0,0.0,0.0,0.0,0.0,0.0,0.0,0.0,https://www.imdb.com/name/nm0527572/?ref_=fn_nm_nm_1,115.0,21.0,0.0,0.0239473561557642
J.B. Smoove,192,0.7604166666666666,0.03125,0.020833333333333332,2003.0,2006.0,3.0,3.0,0.0,0.0,0.0,0.0,0.0,0.0,0.0,0.0,0.0,https://www.imdb.com/name/nm1356578/?ref_=fn_nm_nm_1,60.0,12.0,0.0,0.0119319055719978
Rich Talarico,13,0.7692307692307693,0.07692307692307693,0,2003.0,2005.0,2.0,2.0,0.0,0.0,0.0,0.0,0.0,0.0,0.0,0.0,0.0,https://www.imdb.com/name/nm0847822/?ref_=fn_nm_nm_1,40.0,1.0,0.0,0.0070728950618722
Alex Baze,18,1.0,0.8333333333333334,0.5555555555555556,2004.0,2014.0,10.0,10.0,0.0,0.0,0.0,0.0,0.0,0.0,0.0,0.0,0.0,https://www.imdb.com/name/nm1733287/?ref_=fn_nm_nm_1,195.0,0.0,56.0,0.0356656801286383
Matt Murray (I),14,1.0,0.14285714285714285,0.07142857142857142,2004.0,2007.0,3.0,3.0,0.0,0.0,0.0,0.0,0.0,0.0,0.0,0.0,0.0,https://www.imdb.com/name/nm1230361/?ref_=fn_nm_nm_1,139.0,0.0,0.0,0.0199384773135093
Lauren Pomerantz,10,0.7,0.1,0,2004.0,2005.0,1.0,1.0,0.0,0.0,0.0,0.0,0.0,0.0,0.0,0.0,0.0,https://www.imdb.com/name/nm1729395/?ref_=fn_nm_nm_1,20.0,0.0,0.0,0.0034734683414509
Akiva Schaffer,102,0.9803921568627451,0.28431372549019607,0.06862745098039216,2005.0,2011.0,6.0,6.0,0.0,0.0,0.0,0.0,0.0,0.0,0.0,0.0,0.0,https://www.imdb.com/name/nm1676223/?ref_=fn_nm_nm_1,116.0,8.0,70.0,0.0232833073104798
Jorma Taccone,110,0.9090909090909091,0.18181818181818182,0.07272727272727272,2005.0,2011.0,6.0,6.0,0.0,0.0,0.0,0.0,0.0,0.0,0.0,0.0,0.0,https://www.imdb.com/name/nm1672246/?ref_=fn_nm_nm_1,99.0,22.0,29.0,0.0218758593367667
Bryan H. Tucker,28,0.8571428571428571,0.4642857142857143,0.25,2005.0,2021.0,16.0,16.0,5.0,0.0,0.0,0.0,0.0,0.0,0.0,0.0,0.0,https://www.imdb.com/name/nm1317704/?ref_=fn_nm_nm_1,310.0,9.0,0.0,0.1023792995968399
Marika Sawyer,13,1.0,0.6923076923076923,0.3076923076923077,2006.0,2014.0,8.0,8.0,0.0,0.0,0.0,0.0,0.0,0.0,0.0,0.0,0.0,https://www.imdb.com/name/nm2854926/?ref_=fn_nm_nm_1,142.0,2.0,0.0,0.0258709887907529
John Solomon,27,0.9629629629629629,0.6666666666666666,0.18518518518518517,2006.0,2015.0,9.0,9.0,0.0,0.0,0.0,0.0,0.0,0.0,0.0,0.0,0.0,https://www.imdb.com/name/nm1231253/?ref_=fn_nm_nm_1,147.0,7.0,17.0,0.0286325184684579
Rob Klein,18,1.0,0.6666666666666666,0.3333333333333333,2007.0,2017.0,10.0,10.0,3.0,0.0,0.0,0.0,0.0,0.0,0.0,0.0,0.0,https://www.imdb.com/name/nm2914092/?ref_=fn_nm_nm_1,181.0,0.0,0.0,0.077445526788003
Simon Rich,14,1.0,0.42857142857142855,0.14285714285714285,2007.0,2011.0,4.0,4.0,0.0,0.0,0.0,0.0,0.0,0.0,0.0,0.0,0.0,https://www.imdb.com/name/nm2919995/?ref_=fn_nm_nm_1,83.0,4.0,0.0,0.0147591526648178
Kent Sublette,11,0.8181818181818182,0.6363636363636364,0.18181818181818182,2007.0,2021.0,14.0,14.0,5.0,0.0,0.0,0.0,0.0,0.0,0.0,0.0,0.0,https://www.imdb.com/name/nm1229014/?ref_=fn_nm_nm_1,231.0,3.0,0.0,0.0966742460308212
Jessica Conrad,14,0.7142857142857143,0.21428571428571427,0,2008.0,2012.0,4.0,4.0,0.0,0.0,0.0,0.0,0.0,0.0,0.0,0.0,0.0,https://www.imdb.com/name/nm3165087/?ref_=fn_nm_nm_1,82.0,0.0,0.0,0.0141348372212253
John Mulaney,101,0.8316831683168316,0.19801980198019803,0.12871287128712872,2008.0,2012.0,4.0,4.0,0.0,0.0,0.0,0.0,0.0,0.0,0.0,0.0,4.0,https://www.imdb.com/name/nm1825214/?ref_=fn_nm_nm_1,96.0,5.0,31.0,0.0173002260492647
Jillian Bell,91,0.8241758241758241,0.03296703296703297,0.01098901098901099,2009.0,2010.0,1.0,1.0,0.0,0.0,0.0,0.0,0.0,0.0,0.0,0.0,0.0,https://www.imdb.com/name/nm3255459/?ref_=fn_nm_nm_1,22.0,1.0,0.0,0.003840390575843
Hannibal Buress,164,0.7073170731707317,0.018292682926829267,0.006097560975609756,2009.0,2010.0,1.0,1.0,0.0,0.0,0.0,0.0,0.0,0.0,0.0,0.0,0.0,https://www.imdb.com/name/nm2868110/?ref_=fn_nm_nm_1,22.0,2.0,0.0,0.0039663489548134
Jessi Klein,24,0.9166666666666666,0.041666666666666664,0,2009.0,2010.0,1.0,1.0,0.0,0.0,0.0,0.0,0.0,0.0,0.0,0.0,0.0,https://www.imdb.com/name/nm1585728/?ref_=fn_nm_nm_1,20.0,2.0,0.0,0.0037253850993917
Christine Nangle,24,0.9166666666666666,0.125,0.041666666666666664,2009.0,2012.0,3.0,3.0,0.0,0.0,0.0,0.0,0.0,0.0,0.0,0.0,0.0,https://www.imdb.com/name/nm3652881/?ref_=fn_nm_nm_1,62.0,2.0,0.0,0.0109132856377152
Michael Patrick O'Brien,41,1.0,0.4146341463414634,0.21951219512195122,2009.0,2013.0,4.0,4.0,0.0,0.0,0.0,0.0,0.0,0.0,0.0,0.0,0.0,https://www.imdb.com/name/nm3653190/?ref_=fn_nm_nm_1,103.0,44.0,0.0,0.0222071263778518
Ryan Perez (I),103,0.32038834951456313,0.019417475728155338,0,2009.0,2010.0,1.0,1.0,0.0,0.0,0.0,0.0,0.0,0.0,0.0,0.0,0.0,https://www.imdb.com/name/nm1885677/?ref_=fn_nm_nm_1,22.0,1.0,0.0,0.003840390575843
Heather Anne Campbell,46,0.5652173913043478,0.021739130434782608,0,2010.0,2011.0,1.0,1.0,0.0,0.0,0.0,0.0,0.0,0.0,0.0,0.0,0.0,https://www.imdb.com/name/nm2216111/?ref_=fn_nm_nm_1,22.0,0.0,0.0,0.0037144321968725
Matthew Craig (II),17,0.23529411764705882,0.058823529411764705,0,2010.0,2011.0,1.0,1.0,0.0,0.0,0.0,0.0,0.0,0.0,0.0,0.0,0.0,https://www.imdb.com/name/nm2924462/?ref_=fn_nm_nm_1,5.0,0.0,0.0,0.0016662394257882
Tom Flanigan (I),3,0.3333333333333333,0.3333333333333333,0,2010.0,2011.0,1.0,1.0,0.0,0.0,0.0,0.0,0.0,0.0,0.0,0.0,0.0,https://www.imdb.com/name/nm2475841/?ref_=fn_nm_nm_1,1.0,0.0,0.0,0.0011843117149448
Shelly Gossman,8,1.0,0.5,0.25,2010.0,2012.0,2.0,2.0,0.0,0.0,0.0,0.0,0.0,0.0,0.0,0.0,0.0,https://www.imdb.com/name/nm4586457/?ref_=fn_nm_nm_1,10.0,1.0,0.0,0.0034584372305469
Jonathan Krisel,24,0.7083333333333334,0.20833333333333334,0.16666666666666666,2010.0,2011.0,1.0,1.0,0.0,0.0,0.0,0.0,0.0,0.0,0.0,0.0,0.0,https://www.imdb.com/name/nm1730037/?ref_=fn_nm_nm_1,23.0,0.0,9.0,0.0040813544312647
Sarah Schneider,17,0.8235294117647058,0.4117647058823529,0.11764705882352941,2010.0,2017.0,7.0,7.0,1.0,0.0,0.0,0.0,0.0,0.0,0.0,0.0,0.0,https://www.imdb.com/name/nm1365351/?ref_=fn_nm_nm_1,75.0,1.0,0.0,0.0380374828964934
Zach Kanin,11,1.0,0.5454545454545454,0.2727272727272727,2011.0,2016.0,5.0,5.0,0.0,0.0,0.0,0.0,0.0,0.0,0.0,0.0,0.0,https://www.imdb.com/name/nm2385671/?ref_=fn_nm_nm_1,97.0,0.0,0.0,0.017005895924122
Chris Kelly,34,0.7058823529411765,0.20588235294117646,0.058823529411764705,2011.0,2017.0,6.0,6.0,1.0,0.0,0.0,0.0,0.0,0.0,0.0,0.0,0.0,https://www.imdb.com/name/nm6287571/?ref_=fn_nm_nm_1,88.0,0.0,0.0,0.0419853883619584
Pete Schultz,28,0.8214285714285714,0.42857142857142855,0.21428571428571427,2011.0,2021.0,10.0,10.0,0.0,0.0,0.0,0.0,0.0,0.0,0.0,0.0,0.0,https://www.imdb.com/name/nm3965483/?ref_=fn_nm_nm_1,209.0,0.0,8.0,0.03603807881429
Neil Casey,68,0.75,0.07352941176470588,0.04411764705882353,2012.0,2013.0,1.0,1.0,0.0,0.0,0.0,0.0,0.0,0.0,0.0,0.0,0.0,https://www.imdb.com/name/nm2654481/?ref_=fn_nm_nm_1,19.0,0.0,0.0,0.00335298641374
Josh Patten,17,0.8235294117647058,0.47058823529411764,0.29411764705882354,2012.0,2021.0,8.0,8.0,0.0,0.0,0.0,0.0,0.0,0.0,0.0,0.0,0.0,https://www.imdb.com/name/nm4483652/?ref_=fn_nm_nm_1,175.0,0.0,0.0,0.0295949756472699
Claire Mulaney,6,1.0,0.3333333333333333,0,2013.0,2015.0,2.0,2.0,0.0,0.0,0.0,0.0,0.0,0.0,0.0,0.0,0.0,https://www.imdb.com/name/nm6004139/?ref_=fn_nm_nm_1,42.0,0.0,0.0,0.0071879005383235
Katie Rich,19,0.6842105263157895,0.2631578947368421,0.10526315789473684,2013.0,2019.0,6.0,6.0,0.0,0.0,0.0,0.0,0.0,0.0,0.0,0.0,0.0,https://www.imdb.com/name/nm5098521/?ref_=fn_nm_nm_1,106.0,1.0,0.0,0.019280021439724
LaKendra Tookes,7,1.0,0.14285714285714285,0,2013.0,2014.0,1.0,1.0,0.0,0.0,0.0,0.0,0.0,0.0,0.0,0.0,0.0,https://www.imdb.com/name/nm6228635/?ref_=fn_nm_nm_1,11.0,0.0,0.0,0.0023891309920533
Jeremy Beiler,18,0.8888888888888888,0.2777777777777778,0.16666666666666666,2014.0,2017.0,2.0,2.0,0.0,0.0,0.0,0.0,0.0,0.0,0.0,0.0,0.0,https://www.imdb.com/name/nm1501030/?ref_=fn_nm_nm_1,61.0,0.0,0.0,0.0094770571648295
Dave McCary,10,0.9,0.7,0.1,2014.0,2018.0,3.0,3.0,0.0,0.0,0.0,0.0,0.0,0.0,0.0,0.0,0.0,https://www.imdb.com/name/nm5050824/?ref_=fn_nm_nm_1,83.0,0.0,22.0,0.0137938990002563
Natasha Rothwell,43,0.6511627906976745,0.023255813953488372,0,2014.0,2015.0,1.0,1.0,0.0,0.0,0.0,0.0,0.0,0.0,0.0,0.0,0.0,https://www.imdb.com/name/nm5625020/?ref_=fn_nm_nm_1,21.0,0.0,0.0,0.0035939502691617
Nicholas Rutherford,38,0.5263157894736842,0.02631578947368421,0,2014.0,2015.0,1.0,1.0,0.0,0.0,0.0,0.0,0.0,0.0,0.0,0.0,0.0,https://www.imdb.com/name/nm0751990/?ref_=fn_nm_nm_1,21.0,0.0,0.0,0.0035939502691617
Meredith Scardino,11,0.9090909090909091,0.36363636363636365,0.2727272727272727,2014.0,2015.0,1.0,1.0,0.0,0.0,0.0,0.0,0.0,0.0,0.0,0.0,0.0,https://www.imdb.com/name/nm2227704/?ref_=fn_nm_nm_1,9.0,0.0,0.0,0.0021481671366316
Chris Belair,4,1.0,0.75,0.5,2015.0,2016.0,1.0,1.0,0.0,0.0,0.0,0.0,0.0,0.0,0.0,0.0,0.0,https://www.imdb.com/name/nm3677049/?ref_=fn_nm_nm_1,21.0,0.0,0.0,0.0035939502691617
Paul Masella,4,1.0,0.75,0.5,2015.0,2016.0,1.0,1.0,0.0,0.0,0.0,0.0,0.0,0.0,0.0,0.0,0.0,https://www.imdb.com/name/nm3688724/?ref_=fn_nm_nm_1,21.0,0.0,0.0,0.0035939502691617
Dave Sirus,5,0.8,0.2,0,2015.0,2016.0,1.0,1.0,0.0,0.0,0.0,0.0,0.0,0.0,0.0,0.0,0.0,https://www.imdb.com/name/nm3461468/?ref_=fn_nm_nm_1,27.0,0.0,0.0,0.0043168418354268
Will Stephen,6,0.8333333333333334,0.3333333333333333,0,2015.0,2021.0,6.0,6.0,0.0,0.0,0.0,0.0,0.0,0.0,0.0,0.0,0.0,https://www.imdb.com/name/nm5560794/?ref_=fn_nm_nm_1,124.0,0.0,0.0,0.0213227377595488
Kristen Bartlett,10,0.7,0.2,0,2016.0,2018.0,2.0,2.0,0.0,0.0,0.0,0.0,0.0,0.0,0.0,0.0,0.0,https://www.imdb.com/name/nm4434455/?ref_=fn_nm_nm_1,27.0,0.0,0.0,0.0053806716226608
Zack Bornstein,18,0.6111111111111112,0.16666666666666666,0.05555555555555555,2016.0,2017.0,1.0,1.0,0.0,0.0,0.0,0.0,0.0,0.0,0.0,0.0,0.0,https://www.imdb.com/name/nm4956526/?ref_=fn_nm_nm_1,21.0,0.0,0.0,0.0035939502691617
Joanna Bradley,9,0.7777777777777778,0.2222222222222222,0,2016.0,2017.0,1.0,1.0,0.0,0.0,0.0,0.0,0.0,0.0,0.0,0.0,0.0,https://www.imdb.com/name/nm5400395/?ref_=fn_nm_nm_1,21.0,0.0,0.0,0.0035939502691617
Anna Drezen,18,0.6666666666666666,0.16666666666666666,0.05555555555555555,2016.0,2021.0,5.0,5.0,1.0,0.0,0.0,0.0,0.0,0.0,0.0,0.0,0.0,https://www.imdb.com/name/nm4871432/?ref_=fn_nm_nm_1,104.0,0.0,0.0,0.0478492694180979
Nick Kocher,14,1.0,0.14285714285714285,0,2016.0,2018.0,2.0,2.0,0.0,0.0,0.0,0.0,0.0,0.0,0.0,0.0,0.0,https://www.imdb.com/name/nm3304457/?ref_=fn_nm_nm_1,27.0,0.0,0.0,0.0053806716226608
Michael Koman,7,0.7142857142857143,0.2857142857142857,0,2016.0,2019.0,3.0,3.0,0.0,0.0,0.0,0.0,0.0,0.0,0.0,0.0,0.0,https://www.imdb.com/name/nm0464523/?ref_=fn_nm_nm_1,52.0,0.0,0.0,0.0094565496026659
Michael Koman,7,0.7142857142857143,0.2857142857142857,0,2016.0,2019.0,3.0,3.0,0.0,0.0,0.0,0.0,0.0,0.0,0.0,0.0,0.0,https://www.imdb.com/name/nm0464523/?ref_=fn_nm_nm_1,52.0,0.0,0.0,0.0094565496026659
Michael Koman,7,0.7142857142857143,0.2857142857142857,0,2016.0,2019.0,3.0,3.0,0.0,0.0,0.0,0.0,0.0,0.0,0.0,0.0,0.0,https://www.imdb.com/name/nm0464523/?ref_=fn_nm_nm_1,52.0,0.0,0.0,0.0094565496026659
Michael Koman,7,0.7142857142857143,0.2857142857142857,0,2016.0,2019.0,3.0,3.0,0.0,0.0,0.0,0.0,0.0,0.0,0.0,0.0,0.0,https://www.imdb.com/name/nm0464523/?ref_=fn_nm_nm_1,52.0,0.0,0.0,0.0094565496026659
Brian McElhaney,13,0.8461538461538461,0.15384615384615385,0,2016.0,2018.0,2.0,2.0,0.0,0.0,0.0,0.0,0.0,0.0,0.0,0.0,0.0,https://www.imdb.com/name/nm3537795/?ref_=fn_nm_nm_1,27.0,0.0,0.0,0.0053806716226608
Drew Michael,5,0.6,0.4,0,2016.0,2018.0,2.0,2.0,0.0,0.0,0.0,0.0,0.0,0.0,0.0,0.0,0.0,https://www.imdb.com/name/nm6569383/?ref_=fn_nm_nm_1,21.0,0.0,0.0,0.0046577800563957
Julio Torres,30,0.8666666666666667,0.2,0.13333333333333333,2016.0,2019.0,3.0,3.0,0.0,0.0,0.0,0.0,0.0,0.0,0.0,0.0,0.0,https://www.imdb.com/name/nm7088580/?ref_=fn_nm_nm_1,61.0,0.0,0.0,0.0105408869520635
Steven Castillo,6,0.8333333333333334,0.16666666666666666,0,2017.0,2021.0,4.0,4.0,0.0,0.0,0.0,0.0,0.0,0.0,0.0,0.0,0.0,https://www.imdb.com/name/nm9163311/?ref_=fn_nm_nm_1,83.0,0.0,0.0,0.0142553191489361
Claire Friedman,3,1.0,0.3333333333333333,0,2017.0,2018.0,1.0,1.0,0.0,0.0,0.0,0.0,0.0,0.0,0.0,0.0,0.0,https://www.imdb.com/name/nm8077083/?ref_=fn_nm_nm_1,21.0,0.0,0.0,0.0035939502691617
Fran Gillespie,25,0.64,0.16,0.08,2015.0,2021.0,6.0,6.0,0.0,0.0,0.0,0.0,0.0,0.0,0.0,0.0,0.0,https://www.imdb.com/name/nm5246001/?ref_=fn_nm_nm_1,123.0,0.0,0.0,0.0212022558318379
Sudi Green,27,0.48148148148148145,0.2962962962962963,0.2222222222222222,2015.0,2021.0,6.0,6.0,0.0,0.0,0.0,0.0,0.0,0.0,0.0,0.0,0.0,https://www.imdb.com/name/nm6003622/?ref_=fn_nm_nm_1,123.0,0.0,0.0,0.0212022558318379
Sam Jay,44,0.6363636363636364,0.11363636363636363,0.09090909090909091,2017.0,2021.0,4.0,4.0,0.0,0.0,0.0,0.0,0.0,0.0,0.0,0.0,0.0,https://www.imdb.com/name/nm7615637/?ref_=fn_nm_nm_1,70.0,0.0,0.0,0.0126890540886952
Erik Marino,2,1.0,0.5,0,2017.0,2018.0,1.0,1.0,0.0,0.0,0.0,0.0,0.0,0.0,0.0,0.0,0.0,https://www.imdb.com/name/nm0547765/?ref_=fn_nm_nm_1,21.0,0.0,0.0,0.0035939502691617
Nimesh Patel,9,0.6666666666666666,0.1111111111111111,0,2017.0,2018.0,1.0,1.0,0.0,0.0,0.0,0.0,0.0,0.0,0.0,0.0,0.0,https://www.imdb.com/name/nm7964342/?ref_=fn_nm_nm_1,21.0,0.0,0.0,0.0035939502691617
Gary Richardson,30,0.5666666666666667,0.06666666666666667,0.03333333333333333,2017.0,2021.0,4.0,4.0,0.0,0.0,0.0,0.0,0.0,0.0,0.0,0.0,0.0,https://www.imdb.com/name/nm6324751/?ref_=fn_nm_nm_1,79.0,0.0,0.0,0.0137733914380927
Streeter Seidell,12,0.8333333333333334,0.4166666666666667,0.25,2014.0,2021.0,7.0,7.0,0.0,0.0,0.0,0.0,0.0,0.0,0.0,0.0,0.0,https://www.imdb.com/name/nm3289293/?ref_=fn_nm_nm_1,145.0,2.0,0.0,0.0251686047866514
Megan Callahan-Shah,5,1.0,0.8,0.4,2015.0,2021.0,6.0,6.0,0.0,0.0,0.0,0.0,0.0,0.0,0.0,0.0,0.0,https://www.imdb.com/name/nm4916386/?ref_=fn_nm_nm_1,129.0,0.0,0.0,0.021925147398103
Alison Gates,2,1.0,0.5,0,2018.0,2021.0,3.0,3.0,0.0,0.0,0.0,0.0,0.0,0.0,0.0,0.0,0.0,https://www.imdb.com/name/nm10384188/?ref_=fn_nm_nm_1,62.0,0.0,0.0,0.0106613688797744
Alan Linic,1,1.0,1.0,0,2018.0,2019.0,1.0,1.0,0.0,0.0,0.0,0.0,0.0,0.0,0.0,0.0,0.0,https://www.imdb.com/name/nm7860442/?ref_=fn_nm_nm_1,21.0,0.0,0.0,0.0035939502691617
Eli Coyote Mandel,3,0.3333333333333333,0.3333333333333333,0,2018.0,2019.0,1.0,1.0,0.0,0.0,0.0,0.0,0.0,0.0,0.0,0.0,0.0,https://www.imdb.com/name/nm8881698/?ref_=fn_nm_nm_1,21.0,0.0,0.0,0.0035939502691617
Dan Bulla,3,1.0,0.6666666666666666,0.3333333333333333,2019.0,2021.0,2.0,2.0,0.0,0.0,0.0,0.0,0.0,0.0,0.0,0.0,0.0,https://www.imdb.com/name/nm4674057/?ref_=fn_nm_nm_1,42.0,0.0,0.0,0.0071879005383235
Emma Clark,1,1.0,1.0,0,2019.0,2021.0,2.0,2.0,0.0,0.0,0.0,0.0,0.0,0.0,0.0,0.0,0.0,https://www.imdb.com/name/nm8485344/?ref_=fn_nm_nm_1,27.0,0.0,0.0,0.0053806716226608
Dan Licata,3,1.0,0.3333333333333333,0,2019.0,2021.0,2.0,2.0,0.0,0.0,0.0,0.0,0.0,0.0,0.0,0.0,0.0,https://www.imdb.com/name/nm3915994/?ref_=fn_nm_nm_1,38.0,0.0,0.0,0.0067059728274801
Jasmine Pierce,3,1.0,0.3333333333333333,0,2019.0,2021.0,2.0,2.0,0.0,0.0,0.0,0.0,0.0,0.0,0.0,0.0,0.0,https://www.imdb.com/name/nm5276392/?ref_=fn_nm_nm_1,41.0,0.0,0.0,0.0070674186106126
Mark Steinbach,1,1.0,1.0,0,2019.0,2021.0,2.0,2.0,0.0,0.0,0.0,0.0,0.0,0.0,0.0,0.0,0.0,https://www.imdb.com/name/nm9184163/?ref_=fn_nm_nm_2,41.0,0.0,0.0,0.0070674186106126
Celeste Yim,1,1.0,1.0,0,2020.0,2021.0,1.0,1.0,0.0,0.0,0.0,0.0,0.0,0.0,0.0,0.0,0.0,https://www.imdb.com/name/nm11940589/?ref_=fn_nm_nm_1,23.0,0.0,0.0,0.0038349141245834
Sarah Sherman,0,0,0,0,,,,,,,,,,,,,,,,,,
James Austin Johnson,0,0,0,0,,,,,,,,,,,,,,,,,,
Aristotle Athari,0,0,0,0,,,,,,,,,,,,,,,,,,
Mike DiCenzo,0,0,0,0,,,,,,,,,,,,,,,,,,
Billy Domineau,0,0,0,0,,,,,,,,,,,,,,,,,,
Alex English (X) ,0,0,0,0,,,,,,,,,,,,,,,,,,
Martin Herlihy,0,0,0,0,,,,,,,,,,,,,,,,,,
John Higgins (XV),0,0,0,0,,,,,,,,,,,,,,,,,,
Vanessa Jackson (IX),0,0,0,0,,,,,,,,,,,,,,,,,,
Tesha Kondrat (II),0,0,0,0,,,,,,,,,,,,,,,,,,
Ben Marshall (IV),0,0,0,0,,,,,,,,,,,,,,,,,,
Jake Nordwind,0,0,0,0,,,,,,,,,,,,,,,,,,
Ben Silva (V),0,0,0,0,,,,,,,,,,,,,,,,,,
,0,0,0,0,,,,,,,,,,,,,,,,,,
,0,0,0,0,,,,,,,,,,,,,,,,,,
,0,0,0,0,,,,,,,,,,,,,,,,,,
,0,0,0,0,,,,,,,,,,,,,,,,,,
,0,0,0,0,,,,,,,,,,,,,,,,,,
,0,0,0,0,,,,,,,,,,,,,,,,,,
,0,0,0,0,,,,,,,,,,,,,,,,,,
,0,0,0,0,,,,,,,,,,,,,,,,,,
,0,0,0,0,,,,,,,,,,,,,,,,,,
,0,0,0,0,,,,,,,,,,,,,,,,,,
,0,0,0,0,,,,,,,,,,,,,,,,,,
,0,0,0,0,,,,,,,,,,,,,,,,,,
,0,0,0,0,,,,,,,,,,,,,,,,,,
,0,0,0,0,,,,,,,,,,,,,,,,,,
,0,0,0,0,,,,,,,,,,,,,,,,,,
,0,0,0,0,,,,,,,,,,,,,,,,,,
,0,0,0,0,,,,,,,,,,,,,,,,,,
,0,0,0,0,,,,,,,,,,,,,,,,,,
,0,0,0,0,,,,,,,,,,,,,,,,,,
,0,0,0,0,,,,,,,,,,,,,,,,,,
,0,0,0,0,,,,,,,,,,,,,,,,,,
,0,0,0,0,,,,,,,,,,,,,,,,,,
,0,0,0,0,,,,,,,,,,,,,,,,,,
,0,0,0,0,,,,,,,,,,,,,,,,,,
,0,0,0,0,,,,,,,,,,,,,,,,,,
,0,0,0,0,,,,,,,,,,,,,,,,,,
,0,0,0,0,,,,,,,,,,,,,,,,,,
,0,0,0,0,,,,,,,,,,,,,,,,,,
,0,0,0,0,,,,,,,,,,,,,,,,,,
,0,0,0,0,,,,,,,,,,,,,,,,,,
,0,0,0,0,,,,,,,,,,,,,,,,,,
,0,0,0,0,,,,,,,,,,,,,,,,,,
,0,0,0,0,,,,,,,,,,,,,,,,,,
,0,0,0,0,,,,,,,,,,,,,,,,,,
,0,0,0,0,,,,,,,,,,,,,,,,,,
,0,0,0,0,,,,,,,,,,,,,,,,,,
,0,0,0,0,,,,,,,,,,,,,,,,,,
,0,0,0,0,,,,,,,,,,,,,,,,,,
,0,0,0,0,,,,,,,,,,,,,,,,,,
,0,0,0,0,,,,,,,,,,,,,,,,,,
,0,0,0,0,,,,,,,,,,,,,,,,,,
,0,0,0,0,,,,,,,,,,,,,,,,,,
,0,0,0,0,,,,,,,,,,,,,,,,,,
,0,0,0,0,,,,,,,,,,,,,,,,,,
,0,0,0,0,,,,,,,,,,,,,,,,,,
,0,0,0,0,,,,,,,,,,,,,,,,,,
,0,0,0,0,,,,,,,,,,,,,,,,,,
,0,0,0,0,,,,,,,,,,,,,,,,,,
,0,0,0,0,,,,,,,,,,,,,,,,,,
,0,0,0,0,,,,,,,,,,,,,,,,,,
,0,0,0,0,,,,,,,,,,,,,,,,,,
,0,0,0,0,,,,,,,,,,,,,,,,,,
,0,0,0,0,,,,,,,,,,,,,,,,,,
,0,0,0,0,,,,,,,,,,,,,,,,,,
,0,0,0,0,,,,,,,,,,,,,,,,,,
,0,0,0,0,,,,,,,,,,,,,,,,,,
,0,0,0,0,,,,,,,,,,,,,,,,,,
,0,0,0,0,,,,,,,,,,,,,,,,,,
,0,0,0,0,,,,,,,,,,,,,,,,,,
,0,0,0,0,,,,,,,,,,,,,,,,,,
,0,0,0,0,,,,,,,,,,,,,,,,,,
,0,0,0,0,,,,,,,,,,,,,,,,,,
,0,0,0,0,,,,,,,,,,,,,,,,,,
,0,0,0,0,,,,,,,,,,,,,,,,,,
,0,0,0,0,,,,,,,,,,,,,,,,,,
,0,0,0,0,,,,,,,,,,,,,,,,,,
,0,0,0,0,,,,,,,,,,,,,,,,,,
,0,0,0,0,,,,,,,,,,,,,,,,,,
,0,0,0,0,,,,,,,,,,,,,,,,,,
,0,0,0,0,,,,,,,,,,,,,,,,,,
,0,0,0,0,,,,,,,,,,,,,,,,,,
,0,0,0,0,,,,,,,,,,,,,,,,,,
,0,0,0,0,,,,,,,,,,,,,,,,,,
,0,0,0,0,,,,,,,,,,,,,,,,,,
,0,0,0,0,,,,,,,,,,,,,,,,,,
,0,0,0,0,,,,,,,,,,,,,,,,,,
,0,0,0,0,,,,,,,,,,,,,,,,,,
,0,0,0,0,,,,,,,,,,,,,,,,,,
,0,0,0,0,,,,,,,,,,,,,,,,,,
,0,0,0,0,,,,,,,,,,,,,,,,,,
,0,0,0,0,,,,,,,,,,,,,,,,,,
,0,0,0,0,,,,,,,,,,,,,,,,,,
,0,0,0,0,,,,,,,,,,,,,,,,,,
,0,0,0,0,,,,,,,,,,,,,,,,,,
,0,0,0,0,,,,,,,,,,,,,,,,,,
,0,0,0,0,,,,,,,,,,,,,,,,,,
,0,0,0,0,,,,,,,,,,,,,,,,,,
,0,0,0,0,,,,,,,,,,,,,,,,,,
,0,0,0,0,,,,,,,,,,,,,,,,,,
,0,0,0,0,,,,,,,,,,,,,,,,,,
,0,0,0,0,,,,,,,,,,,,,,,,,,
,0,0,0,0,,,,,,,,,,,,,,,,,,
,0,0,0,0,,,,,,,,,,,,,,,,,,
,0,0,0,0,,,,,,,,,,,,,,,,,,
,0,0,0,0,,,,,,,,,,,,,,,,,,
,0,0,0,0,,,,,,,,,,,,,,,,,,
,0,0,0,0,,,,,,,,,,,,,,,,,,
,0,0,0,0,,,,,,,,,,,,,,,,,,
,0,0,0,0,,,,,,,,,,,,,,,,,,
,0,0,0,0,,,,,,,,,,,,,,,,,,
,0,0,0,0,,,,,,,,,,,,,,,,,,
,0,0,0,0,,,,,,,,,,,,,,,,,,
,0,0,0,0,,,,,,,,,,,,,,,,,,
,0,0,0,0,,,,,,,,,,,,,,,,,,
,0,0,0,0,,,,,,,,,,,,,,,,,,
,0,0,0,0,,,,,,,,,,,,,,,,,,
,0,0,0,0,,,,,,,,,,,,,,,,,,
,0,0,0,0,,,,,,,,,,,,,,,,,,
,0,0,0,0,,,,,,,,,,,,,,,,,,
,0,0,0,0,,,,,,,,,,,,,,,,,,
,0,0,0,0,,,,,,,,,,,,,,,,,,
,0,0,0,0,,,,,,,,,,,,,,,,,,
,0,0,0,0,,,,,,,,,,,,,,,,,,
,0,0,0,0,,,,,,,,,,,,,,,,,,
,0,0,0,0,,,,,,,,,,,,,,,,,,
,0,0,0,0,,,,,,,,,,,,,,,,,,
,0,0,0,0,,,,,,,,,,,,,,,,,,
,0,0,0,0,,,,,,,,,,,,,,,,,,
,0,0,0,0,,,,,,,,,,,,,,,,,,
,0,0,0,0,,,,,,,,,,,,,,,,,,
,0,0,0,0,,,,,,,,,,,,,,,,,,
,0,0,0,0,,,,,,,,,,,,,,,,,,
,0,0,0,0,,,,,,,,,,,,,,,,,,
,0,0,0,0,,,,,,,,,,,,,,,,,,
,0,0,0,0,,,,,,,,,,,,,,,,,,
,0,0,0,0,,,,,,,,,,,,,,,,,,
,0,0,0,0,,,,,,,,,,,,,,,,,,
,0,0,0,0,,,,,,,,,,,,,,,,,,
,0,0,0,0,,,,,,,,,,,,,,,,,,
,0,0,0,0,,,,,,,,,,,,,,,,,,
,0,0,0,0,,,,,,,,,,,,,,,,,,
,0,0,0,0,,,,,,,,,,,,,,,,,,
,0,0,0,0,,,,,,,,,,,,,,,,,,
,0,0,0,0,,,,,,,,,,,,,,,,,,
,0,0,0,0,,,,,,,,,,,,,,,,,,
,0,0,0,0,,,,,,,,,,,,,,,,,,
,0,0,0,0,,,,,,,,,,,,,,,,,,
,0,0,0,0,,,,,,,,,,,,,,,,,,
,0,0,0,0,,,,,,,,,,,,,,,,,,
,0,0,0,0,,,,,,,,,,,,,,,,,,
,0,0,0,0,,,,,,,,,,,,,,,,,,
,0,0,0,0,,,,,,,,,,,,,,,,,,
,0,0,0,0,,,,,,,,,,,,,,,,,,
,0,0,0,0,,,,,,,,,,,,,,,,,,
,0,0,0,0,,,,,,,,,,,,,,,,,,
,0,0,0,0,,,,,,,,,,,,,,,,,,
,0,0,0,0,,,,,,,,,,,,,,,,,,
,0,0,0,0,,,,,,,,,,,,,,,,,,
,0,0,0,0,,,,,,,,,,,,,,,,,,
,0,0,0,0,,,,,,,,,,,,,,,,,,
,0,0,0,0,,,,,,,,,,,,,,,,,,
,0,0,0,0,,,,,,,,,,,,,,,,,,
,0,0,0,0,,,,,,,,,,,,,,,,,,
,0,0,0,0,,,,,,,,,,,,,,,,,,
,0,0,0,0,,,,,,,,,,,,,,,,,,
,0,0,0,0,,,,,,,,,,,,,,,,,,
,0,0,0,0,,,,,,,,,,,,,,,,,,
,0,0,0,0,,,,,,,,,,,,,,,,,,
,0,0,0,0,,,,,,,,,,,,,,,,,,
,0,0,0,0,,,,,,,,,,,,,,,,,,
,0,0,0,0,,,,,,,,,,,,,,,,,,
,0,0,0,0,,,,,,,,,,,,,,,,,,
,0,0,0,0,,,,,,,,,,,,,,,,,,
,0,0,0,0,,,,,,,,,,,,,,,,,,
,0,0,0,0,,,,,,,,,,,,,,,,,,
,0,0,0,0,,,,,,,,,,,,,,,,,,
,0,0,0,0,,,,,,,,,,,,,,,,,,
,0,0,0,0,,,,,,,,,,,,,,,,,,
,0,0,0,0,,,,,,,,,,,,,,,,,,
,0,0,0,0,,,,,,,,,,,,,,,,,,
,0,0,0,0,,,,,,,,,,,,,,,,,,
,0,0,0,0,,,,,,,,,,,,,,,,,,
,0,0,0,0,,,,,,,,,,,,,,,,,,
,0,0,0,0,,,,,,,,,,,,,,,,,,
,0,0,0,0,,,,,,,,,,,,,,,,,,
,0,0,0,0,,,,,,,,,,,,,,,,,,
,0,0,0,0,,,,,,,,,,,,,,,,,,
,0,0,0,0,,,,,,,,,,,,,,,,,,
,0,0,0,0,,,,,,,,,,,,,,,,,,
,0,0,0,0,,,,,,,,,,,,,,,,,,
,0,0,0,0,,,,,,,,,,,,,,,,,,
,0,0,0,0,,,,,,,,,,,,,,,,,,
,0,0,0,0,,,,,,,,,,,,,,,,,,
,0,0,0,0,,,,,,,,,,,,,,,,,,
,0,0,0,0,,,,,,,,,,,,,,,,,,
,0,0,0,0,,,,,,,,,,,,,,,,,,
,0,0,0,0,,,,,,,,,,,,,,,,,,
,0,0,0,0,,,,,,,,,,,,,,,,,,
,0,0,0,0,,,,,,,,,,,,,,,,,,
,0,0,0,0,,,,,,,,,,,,,,,,,,
,0,0,0,0,,,,,,,,,,,,,,,,,,
,0,0,0,0,,,,,,,,,,,,,,,,,,
,0,0,0,0,,,,,,,,,,,,,,,,,,
,0,0,0,0,,,,,,,,,,,,,,,,,,
,0,0,0,0,,,,,,,,,,,,,,,,,,
,0,0,0,0,,,,,,,,,,,,,,,,,,
,0,0,0,0,,,,,,,,,,,,,,,,,,
,0,0,0,0,,,,,,,,,,,,,,,,,,
,0,0,0,0,,,,,,,,,,,,,,,,,,
,0,0,0,0,,,,,,,,,,,,,,,,,,
,0,0,0,0,,,,,,,,,,,,,,,,,,
,0,0,0,0,,,,,,,,,,,,,,,,,,
,0,0,0,0,,,,,,,,,,,,,,,,,,
,0,0,0,0,,,,,,,,,,,,,,,,,,
,0,0,0,0,,,,,,,,,,,,,,,,,,
,0,0,0,0,,,,,,,,,,,,,,,,,,
,0,0,0,0,,,,,,,,,,,,,,,,,,
,0,0,0,0,,,,,,,,,,,,,,,,,,
,0,0,0,0,,,,,,,,,,,,,,,,,,
,0,0,0,0,,,,,,,,,,,,,,,,,,
,0,0,0,0,,,,,,,,,,,,,,,,,,
,0,0,0,0,,,,,,,,,,,,,,,,,,
,0,0,0,0,,,,,,,,,,,,,,,,,,
,0,0,0,0,,,,,,,,,,,,,,,,,,
,0,0,0,0,,,,,,,,,,,,,,,,,,
,0,0,0,0,,,,,,,,,,,,,,,,,,
,0,0,0,0,,,,,,,,,,,,,,,,,,
,0,0,0,0,,,,,,,,,,,,,,,,,,
,0,0,0,0,,,,,,,,,,,,,,,,,,
,0,0,0,0,,,,,,,,,,,,,,,,,,
,0,0,0,0,,,,,,,,,,,,,,,,,,
,0,0,0,0,,,,,,,,,,,,,,,,,,
,0,0,0,0,,,,,,,,,,,,,,,,,,
,0,0,0,0,,,,,,,,,,,,,,,,,,
,0,0,0,0,,,,,,,,,,,,,,,,,,
,0,0,0,0,,,,,,,,,,,,,,,,,,
,0,0,0,0,,,,,,,,,,,,,,,,,,
,0,0,0,0,,,,,,,,,,,,,,,,,,
,0,0,0,0,,,,,,,,,,,,,,,,,,
,0,0,0,0,,,,,,,,,,,,,,,,,,
,0,0,0,0,,,,,,,,,,,,,,,,,,
,0,0,0,0,,,,,,,,,,,,,,,,,,
,0,0,0,0,,,,,,,,,,,,,,,,,,
,0,0,0,0,,,,,,,,,,,,,,,,,,
,0,0,0,0,,,,,,,,,,,,,,,,,,
,0,0,0,0,,,,,,,,,,,,,,,,,,
,0,0,0,0,,,,,,,,,,,,,,,,,,
,0,0,0,0,,,,,,,,,,,,,,,,,,
,0,0,0,0,,,,,,,,,,,,,,,,,,
,0,0,0,0,,,,,,,,,,,,,,,,,,
,0,0,0,0,,,,,,,,,,,,,,,,,,
,0,0,0,0,,,,,,,,,,,,,,,,,,
,0,0,0,0,,,,,,,,,,,,,,,,,,
,0,0,0,0,,,,,,,,,,,,,,,,,,
,0,0,0,0,,,,,,,,,,,,,,,,,,
,0,0,0,0,,,,,,,,,,,,,,,,,,
,0,0,0,0,,,,,,,,,,,,,,,,,,
,0,0,0,0,,,,,,,,,,,,,,,,,,
,0,0,0,0,,,,,,,,,,,,,,,,,,
,0,0,0,0,,,,,,,,,,,,,,,,,,
,0,0,0,0,,,,,,,,,,,,,,,,,,
,0,0,0,0,,,,,,,,,,,,,,,,,,
,0,0,0,0,,,,,,,,,,,,,,,,,,
,0,0,0,0,,,,,,,,,,,,,,,,,,
,0,0,0,0,,,,,,,,,,,,,,,,,,
,0,0,0,0,,,,,,,,,,,,,,,,,,
,0,0,0,0,,,,,,,,,,,,,,,,,,
,0,0,0,0,,,,,,,,,,,,,,,,,,
,0,0,0,0,,,,,,,,,,,,,,,,,,
,0,0,0,0,,,,,,,,,,,,,,,,,,
,0,0,0,0,,,,,,,,,,,,,,,,,,
,0,0,0,0,,,,,,,,,,,,,,,,,,
,0,0,0,0,,,,,,,,,,,,,,,,,,
,0,0,0,0,,,,,,,,,,,,,,,,,,
,0,0,0,0,,,,,,,,,,,,,,,,,,
,0,0,0,0,,,,,,,,,,,,,,,,,,
,0,0,0,0,,,,,,,,,,,,,,,,,,
,0,0,0,0,,,,,,,,,,,,,,,,,,
,0,0,0,0,,,,,,,,,,,,,,,,,,
,0,0,0,0,,,,,,,,,,,,,,,,,,
,0,0,0,0,,,,,,,,,,,,,,,,,,
,0,0,0,0,,,,,,,,,,,,,,,,,,
,0,0,0,0,,,,,,,,,,,,,,,,,,
,0,0,0,0,,,,,,,,,,,,,,,,,,
,0,0,0,0,,,,,,,,,,,,,,,,,,
,0,0,0,0,,,,,,,,,,,,,,,,,,
,0,0,0,0,,,,,,,,,,,,,,,,,,
,0,0,0,0,,,,,,,,,,,,,,,,,,
,0,0,0,0,,,,,,,,,,,,,,,,,,
,0,0,0,0,,,,,,,,,,,,,,,,,,
,0,0,0,0,,,,,,,,,,,,,,,,,,
,0,0,0,0,,,,,,,,,,,,,,,,,,
,0,0,0,0,,,,,,,,,,,,,,,,,,
,0,0,0,0,,,,,,,,,,,,,,,,,,
,0,0,0,0,,,,,,,,,,,,,,,,,,
,0,0,0,0,,,,,,,,,,,,,,,,,,
,0,0,0,0,,,,,,,,,,,,,,,,,,
,0,0,0,0,,,,,,,,,,,,,,,,,,
,0,0,0,0,,,,,,,,,,,,,,,,,,
,0,0,0,0,,,,,,,,,,,,,,,,,,
,0,0,0,0,,,,,,,,,,,,,,,,,,
,0,0,0,0,,,,,,,,,,,,,,,,,,
,0,0,0,0,,,,,,,,,,,,,,,,,,
,0,0,0,0,,,,,,,,,,,,,,,,,,
,0,0,0,0,,,,,,,,,,,,,,,,,,
,0,0,0,0,,,,,,,,,,,,,,,,,,
,0,0,0,0,,,,,,,,,,,,,,,,,,
,0,0,0,0,,,,,,,,,,,,,,,,,,
,0,0,0,0,,,,,,,,,,,,,,,,,,
,0,0,0,0,,,,,,,,,,,,,,,,,,
,0,0,0,0,,,,,,,,,,,,,,,,,,
,0,0,0,0,,,,,,,,,,,,,,,,,,
,0,0,0,0,,,,,,,,,,,,,,,,,,
,0,0,0,0,,,,,,,,,,,,,,,,,,
,0,0,0,0,,,,,,,,,,,,,,,,,,
,0,0,0,0,,,,,,,,,,,,,,,,,,
,0,0,0,0,,,,,,,,,,,,,,,,,,
,0,0,0,0,,,,,,,,,,,,,,,,,,
,0,0,0,0,,,,,,,,,,,,,,,,,,
,0,0,0,0,,,,,,,,,,,,,,,,,,
,0,0,0,0,,,,,,,,,,,,,,,,,,
,0,0,0,0,,,,,,,,,,,,,,,,,,
,0,0,0,0,,,,,,,,,,,,,,,,,,
,0,0,0,0,,,,,,,,,,,,,,,,,,
,0,0,0,0,,,,,,,,,,,,,,,,,,
,0,0,0,0,,,,,,,,,,,,,,,,,,
,0,0,0,0,,,,,,,,,,,,,,,,,,
,0,0,0,0,,,,,,,,,,,,,,,,,,
,0,0,0,0,,,,,,,,,,,,,,,,,,
,0,0,0,0,,,,,,,,,,,,,,,,,,
,0,0,0,0,,,,,,,,,,,,,,,,,,
,0,0,0,0,,,,,,,,,,,,,,,,,,
,0,0,0,0,,,,,,,,,,,,,,,,,,
,0,0,0,0,,,,,,,,,,,,,,,,,,
,0,0,0,0,,,,,,,,,,,,,,,,,,
,0,0,0,0,,,,,,,,,,,,,,,,,,
,0,0,0,0,,,,,,,,,,,,,,,,,,
,0,0,0,0,,,,,,,,,,,,,,,,,,
,0,0,0,0,,,,,,,,,,,,,,,,,,
,0,0,0,0,,,,,,,,,,,,,,,,,,
,0,0,0,0,,,,,,,,,,,,,,,,,,
,0,0,0,0,,,,,,,,,,,,,,,,,,
,0,0,0,0,,,,,,,,,,,,,,,,,,
,0,0,0,0,,,,,,,,,,,,,,,,,,
,0,0,0,0,,,,,,,,,,,,,,,,,,
,0,0,0,0,,,,,,,,,,,,,,,,,,
,0,0,0,0,,,,,,,,,,,,,,,,,,
,0,0,0,0,,,,,,,,,,,,,,,,,,
,0,0,0,0,,,,,,,,,,,,,,,,,,
,0,0,0,0,,,,,,,,,,,,,,,,,,
,0,0,0,0,,,,,,,,,,,,,,,,,,
,0,0,0,0,,,,,,,,,,,,,,,,,,
,0,0,0,0,,,,,,,,,,,,,,,,,,
,0,0,0,0,,,,,,,,,,,,,,,,,,
,0,0,0,0,,,,,,,,,,,,,,,,,,
,0,0,0,0,,,,,,,,,,,,,,,,,,
,0,0,0,0,,,,,,,,,,,,,,,,,,
,0,0,0,0,,,,,,,,,,,,,,,,,,
,0,0,0,0,,,,,,,,,,,,,,,,,,
,0,0,0,0,,,,,,,,,,,,,,,,,,
,0,0,0,0,,,,,,,,,,,,,,,,,,
,0,0,0,0,,,,,,,,,,,,,,,,,,
,0,0,0,0,,,,,,,,,,,,,,,,,,
,0,0,0,0,,,,,,,,,,,,,,,,,,
,0,0,0,0,,,,,,,,,,,,,,,,,,
,0,0,0,0,,,,,,,,,,,,,,,,,,
,0,0,0,0,,,,,,,,,,,,,,,,,,
,0,0,0,0,,,,,,,,,,,,,,,,,,
,0,0,0,0,,,,,,,,,,,,,,,,,,
,0,0,0,0,,,,,,,,,,,,,,,,,,
,0,0,0,0,,,,,,,,,,,,,,,,,,
,0,0,0,0,,,,,,,,,,,,,,,,,,
,0,0,0,0,,,,,,,,,,,,,,,,,,
,0,0,0,0,,,,,,,,,,,,,,,,,,
,0,0,0,0,,,,,,,,,,,,,,,,,,
,0,0,0,0,,,,,,,,,,,,,,,,,,
,0,0,0,0,,,,,,,,,,,,,,,,,,
,0,0,0,0,,,,,,,,,,,,,,,,,,
,0,0,0,0,,,,,,,,,,,,,,,,,,
,0,0,0,0,,,,,,,,,,,,,,,,,,
,0,0,0,0,,,,,,,,,,,,,,,,,,
,0,0,0,0,,,,,,,,,,,,,,,,,,
,0,0,0,0,,,,,,,,,,,,,,,,,,
,0,0,0,0,,,,,,,,,,,,,,,,,,
,0,0,0,0,,,,,,,,,,,,,,,,,,
,0,0,0,0,,,,,,,,,,,,,,,,,,
,0,0,0,0,,,,,,,,,,,,,,,,,,
,0,0,0,0,,,,,,,,,,,,,,,,,,
,0,0,0,0,,,,,,,,,,,,,,,,,,
,0,0,0,0,,,,,,,,,,,,,,,,,,
,0,0,0,0,,,,,,,,,,,,,,,,,,
,0,0,0,0,,,,,,,,,,,,,,,,,,
,0,0,0,0,,,,,,,,,,,,,,,,,,
,0,0,0,0,,,,,,,,,,,,,,,,,,
,0,0,0,0,,,,,,,,,,,,,,,,,,
,0,0,0,0,,,,,,,,,,,,,,,,,,
,0,0,0,0,,,,,,,,,,,,,,,,,,
